{"type":"FeatureCollection", "features": [
{"type":"Feature","geometry":{"type":"Polygon","coordinates":[[[106.43022,524.7137399999996],[106.43021999999988,524.7137399999998],[101.83021999999988,521.8437399999998],[100.67021999999989,521.7337399999998],[99.73021799999988,522.1437399999998],[98.23021799999988,521.7737399999999],[96.76021799999988,520.5037399999998],[95.81021799999988,520.6037399999998],[94.98021799999988,520.0537399999998],[92.32021799999988,519.7037399999998],[91.16021799999989,518.8237399999998],[88.8402179999999,518.8237399999998],[86.58021799999989,520.6937399999998],[85.57021799999988,521.0337399999999],[81.31021799999988,519.8537399999998],[80.24021799999989,518.2337399999998],[78.35021799999988,518.9637399999998],[76.59021799999988,517.3037399999998],[74.67021799999988,516.5037399999998],[70.20021799999988,515.6237399999998],[71.01021799999988,514.7637399999998],[71.87021799999988,515.1037399999998],[73.42021799999988,514.5737399999998],[73.21021799999988,514.0637399999998],[72.74021799999989,513.9237399999997],[73.08021799999989,513.4537399999998],[72.2302179999999,513.6037399999998],[72.3502179999999,513.0837399999998],[71.6002179999999,513.7437399999998],[71.3402179999999,513.4737399999998],[70.9802179999999,513.9837399999998],[70.6002179999999,513.7937399999997],[72.0502179999999,511.21373999999975],[73.0602179999999,510.1737399999997],[73.35021799999991,508.34373999999974],[74.66021799999992,505.9237399999997],[75.73021799999991,504.1837399999997],[76.3602179999999,502.15373999999974],[79.0002179999999,499.09373999999974],[78.8802179999999,497.1937399999997],[80.1402179999999,495.79373999999973],[80.4702179999999,494.5837399999997],[83.0602179999999,491.01373999999976],[85.10021799999991,486.9537399999997],[85.43021799999991,485.6737399999997],[85.2502179999999,485.26373999999976],[85.2102179999999,483.91373999999973],[85.0202179999999,483.13373999999976],[84.2402179999999,482.53373999999974],[83.3602179999999,482.8137399999997],[82.8902179999999,482.4837399999997],[84.0502179999999,479.29373999999973],[84.1902179999999,476.90373999999974],[85.70021799999991,474.71373999999975],[89.29021799999991,472.3637399999998],[91.57021799999991,473.69373999999976],[97.0602179999999,464.0537399999998],[97.10021799999991,463.4637399999998],[95.68021799999991,463.40373999999974],[92.22021799999992,461.8537399999998],[91.80021799999992,461.37373999999977],[91.82021799999991,458.62373999999977],[90.32021799999991,457.52373999999975],[88.83021799999992,452.87373999999977],[89.25021799999992,448.2037399999998],[88.81021799999992,447.9337399999998],[88.22021799999992,448.32373999999976],[85.02021799999991,448.66373999999973],[85.11021799999992,447.63373999999976],[84.83021799999992,447.40373999999974],[84.39021799999992,448.00373999999977],[83.87021799999992,447.88373999999976],[81.76021799999992,448.87373999999977],[81.26021799999992,448.79373999999973],[79.71021799999993,447.38373999999976],[78.22021799999993,447.04373999999973],[77.13021799999993,445.9337399999997],[76.62021799999992,443.5737399999997],[76.65021799999992,443.02373999999975],[75.96021799999993,441.9237399999997],[75.32021799999993,441.77373999999975],[75.56021799999992,441.1937399999997],[75.15021799999992,440.9337399999997],[74.90021799999992,439.9437399999997],[73.98021799999992,440.29373999999973],[73.76021799999992,439.3737399999997],[73.19021799999993,438.9737399999997],[74.59021799999994,435.8337399999997],[74.64021799999993,434.35373999999973],[74.22021799999993,433.1837399999997],[75.99021799999993,430.1937399999997],[75.58021799999993,429.65373999999974],[75.79021799999992,428.89373999999975],[75.32021799999993,428.59373999999974],[76.98021799999992,426.26373999999976],[77.51021799999992,424.69373999999976],[76.56021799999992,423.03373999999974],[75.89021799999992,422.64373999999975],[75.42021799999992,422.77373999999975],[75.46021799999993,422.1837399999998],[80.02021799999993,415.69373999999976],[81.29021799999992,413.13373999999976],[81.21021799999993,411.9337399999998],[82.69021799999993,408.95373999999975],[82.02021799999993,407.82373999999976],[81.14021799999993,407.89373999999975],[81.25021799999993,407.4837399999997],[83.60021799999993,405.0137399999997],[83.70021799999992,404.2537399999997],[85.67021799999992,402.4337399999997],[85.92021799999992,402.53373999999974],[87.51021799999992,400.5537399999997],[87.58021799999992,399.6137399999997],[88.35021799999991,398.5737399999997],[88.36021799999992,397.3037399999997],[89.18021799999991,395.79373999999973],[89.7802179999999,395.1137399999997],[90.3102179999999,395.08373999999975],[90.4202179999999,394.59373999999974],[91.65021799999991,396.08373999999975],[93.76021799999991,395.58373999999975],[93.8302179999999,394.52373999999975],[94.1702179999999,394.20373999999975],[95.3002179999999,394.20373999999975],[98.4002179999999,392.44373999999976],[101.1002199999999,388.31373999999977],[102.07021999999989,388.56373999999977],[101.68021999999989,389.4337399999998],[102.23021999999989,389.4937399999998],[104.03021999999989,388.5437399999998],[107.02021999999988,388.5337399999998],[106.97021999999988,387.9837399999998],[107.34021999999989,387.6637399999998],[112.65021999999989,388.3537399999998],[114.6302199999999,387.5437399999998],[115.59021999999989,386.4637399999998],[116.70021999999989,386.6037399999998],[117.7402199999999,387.62373999999977],[119.5802199999999,388.40373999999974],[122.5902199999999,391.53373999999974],[124.99021999999991,392.6737399999997],[126.14021999999991,393.0737399999997],[129.6402199999999,392.7437399999997],[130.69021999999993,392.5137399999997],[132.92021999999992,391.0337399999997],[135.26021999999992,390.7037399999997],[139.12021999999993,386.1037399999997],[140.35021999999992,385.38373999999965],[142.68021999999993,384.77373999999963],[143.91021999999992,385.8637399999996],[144.92021999999992,387.3837399999996],[146.13021999999992,390.66373999999956],[145.51021999999992,392.94373999999954],[143.25021999999993,394.75373999999954],[142.56021999999993,396.10373999999956],[142.45021999999992,397.16373999999956],[143.00021999999993,398.24373999999955],[144.26021999999992,399.10373999999956],[144.23021999999992,400.2137399999996],[141.95021999999992,403.92373999999955],[141.67021999999992,405.4037399999996],[144.10021999999992,408.5237399999996],[143.41021999999992,418.2037399999996],[141.65021999999993,417.4337399999996],[140.68021999999993,418.5537399999996],[139.12021999999993,419.0537399999996],[138.11021999999994,420.7937399999996],[134.92021999999994,422.4237399999996],[130.68021999999993,421.9537399999996],[129.28021999999993,422.6837399999996],[128.77021999999994,424.2737399999996],[128.04021999999995,424.86373999999955],[124.73021999999995,424.6537399999996],[123.59021999999995,424.8837399999996],[122.34021999999995,425.7337399999996],[121.28021999999994,429.4337399999996],[121.02021999999994,429.8037399999996],[119.65021999999993,430.1937399999996],[121.86021999999993,435.35373999999956],[122.54021999999993,438.7637399999996],[123.09021999999993,439.86373999999955],[125.31021999999993,441.8137399999996],[125.49021999999994,443.04373999999956],[123.42021999999994,445.26373999999953],[123.56021999999994,446.41373999999956],[124.72021999999994,447.4537399999996],[124.08021999999994,448.60373999999956],[122.93021999999993,449.3937399999995],[119.26021999999993,449.4637399999996],[118.15021999999993,450.5237399999995],[118.57021999999994,451.73373999999956],[119.69021999999994,452.49373999999955],[122.00021999999994,453.0337399999995],[122.85021999999994,454.11373999999955],[122.37021999999993,456.54373999999956],[121.30021999999994,457.5737399999996],[119.07021999999994,458.59373999999957],[119.21021999999994,459.7137399999996],[120.40021999999993,461.7937399999996],[124.90021999999993,462.0737399999996],[128.55021999999994,463.5037399999996],[132.01021999999995,465.9537399999996],[133.84021999999996,469.11373999999955],[133.70021999999997,471.4037399999996],[132.02021999999997,476.0137399999996],[131.38021999999998,477.22373999999957],[128.82021999999998,479.1337399999996],[128.25021999999998,480.2737399999996],[128.25021999999998,481.47373999999957],[128.85021999999998,483.36373999999955],[130.46022,484.75373999999954],[131.53021999999999,484.98373999999956],[133.91021999999998,486.73373999999956],[136.10021999999998,486.8037399999995],[137.73021999999997,486.37373999999954],[144.25021999999998,486.4737399999995],[147.41021999999998,488.13373999999953],[146.51021999999998,490.9037399999995],[146.58021999999997,493.4437399999995],[147.22021999999996,495.74373999999955],[150.25021999999996,500.32373999999953],[150.58021999999997,501.43373999999955],[150.40021999999996,504.73373999999956],[151.01021999999998,509.47373999999957],[150.76021999999998,510.75373999999954],[149.62022,511.7037399999996],[147.21022,512.0037399999995],[139.90022,510.4637399999996],[136.43022,510.8037399999996],[134.04022,512.2337399999996],[131.70022,512.8837399999995],[130.61022,513.6637399999996],[126.78021999999999,518.4637399999996],[125.69021999999998,519.2437399999997],[124.87021999999999,520.3837399999995],[123.79021999999999,520.7537399999997],[122.72022,521.7037399999996],[122.75022,522.7937399999996],[121.79022,523.9237399999996],[120.71022,524.2837399999996],[118.57022,524.0837399999996],[114.01022,524.4737399999996],[112.88022000000001,524.0937399999996],[110.71022,524.3737399999995],[108.49022000000001,524.1737399999996],[106.43022,524.7137399999996]]]},"properties":{"id":"AO-BGO"}},
{"type":"Feature","geometry":{"type":"Polygon","coordinates":[[[105.10022,318.4137399999996],[105.10022000000014,318.4137399999997],[103.40022000000013,309.0837399999997],[101.56022000000013,307.4337399999997],[100.70022000000013,301.6737399999997],[100.08022000000012,300.52373999999975],[98.97021800000013,299.62373999999977],[98.01021800000014,296.3437399999998],[97.91021800000014,294.6837399999998],[94.12021800000014,289.50373999999977],[93.31021800000013,289.12373999999977],[92.91021800000013,289.50373999999977],[91.31021800000013,288.1837399999998],[89.41021800000013,284.0437399999998],[89.79021800000012,282.9337399999998],[89.26021800000012,281.27373999999975],[85.92021800000012,278.79373999999973],[84.62021800000012,277.1237399999997],[82.77021800000013,276.09373999999974],[81.67021800000013,276.29373999999973],[80.77021800000013,277.29373999999973],[80.76021800000012,277.7537399999997],[79.94021800000013,277.2837399999997],[78.94021800000013,277.5937399999997],[79.02021800000013,276.74373999999966],[77.46021800000013,275.62373999999966],[77.04021800000012,276.0437399999997],[76.64021800000012,275.7937399999997],[75.86021800000012,276.17373999999967],[75.96021800000011,276.8537399999997],[75.3402180000001,276.6637399999997],[73.3002180000001,274.9637399999997],[72.7802180000001,273.2737399999997],[71.6702180000001,272.73373999999967],[70.6402180000001,271.3537399999997],[69.7102180000001,271.0437399999997],[68.6802180000001,269.67373999999967],[66.4602180000001,268.1537399999997],[64.42021800000009,265.7237399999997],[62.93021800000009,265.0137399999997],[62.92021800000009,263.2737399999997],[64.75021800000009,258.7937399999997],[64.83021800000009,257.55373999999966],[64.19021800000009,257.57373999999965],[63.12021800000009,256.3537399999996],[63.020218000000085,255.76373999999964],[61.83021800000009,255.13373999999965],[61.72021800000009,254.45373999999964],[60.58021800000009,253.44373999999965],[59.76021800000009,251.40373999999963],[58.03021800000009,250.87373999999966],[57.44021800000009,249.68373999999966],[57.08021800000009,249.60373999999968],[56.96021800000009,250.13373999999965],[55.00021800000009,248.90373999999963],[55.75021800000009,248.52373999999963],[55.19021800000009,246.8637399999996],[54.64021800000009,246.8837399999996],[54.31021800000009,246.4937399999996],[53.56021800000009,246.6737399999996],[53.190218000000094,246.1137399999996],[53.4602180000001,245.7337399999996],[52.510218000000094,244.9937399999996],[52.0702180000001,245.02373999999958],[51.8902180000001,245.8737399999996],[51.3402180000001,246.0737399999996],[51.6002180000001,245.5037399999996],[51.3802180000001,244.7537399999996],[49.6502180000001,243.72373999999962],[48.8302180000001,244.38373999999965],[48.320218000000104,242.42373999999967],[49.0502180000001,242.1537399999997],[48.8602180000001,241.84373999999968],[48.0202180000001,242.11373999999967],[48.7202180000001,240.89373999999964],[48.6602180000001,239.56373999999965],[46.7802180000001,238.62373999999966],[45.5202180000001,236.68373999999966],[45.180218000000096,236.78373999999968],[44.3902180000001,235.98373999999967],[44.1302180000001,236.57373999999965],[43.7102180000001,236.50373999999965],[43.4502180000001,235.49373999999966],[42.7102180000001,235.63373999999965],[42.8502180000001,234.68373999999966],[42.4202180000001,233.99373999999966],[43.1202180000001,233.70373999999964],[42.8602180000001,232.61373999999967],[43.130218000000106,232.4037399999997],[42.770218000000106,231.59373999999968],[43.59021800000011,231.3137399999997],[43.23021800000011,230.53373999999974],[43.490218000000105,230.11373999999972],[46.920218000000105,230.08373999999975],[49.170218000000105,229.21373999999975],[52.6802180000001,228.88373999999976],[54.9302180000001,227.78373999999974],[57.4702180000001,227.73373999999973],[59.5602180000001,225.86373999999972],[60.6302180000001,225.41373999999973],[64.9102180000001,227.39373999999975],[68.5602180000001,228.41373999999973],[69.4102180000001,230.71373999999975],[70.6302180000001,230.91373999999973],[72.8602180000001,229.83373999999975],[76.6102180000001,229.53373999999974],[79.9602180000001,228.54373999999973],[81.0502180000001,227.92373999999973],[81.3602180000001,226.73373999999973],[80.23021800000011,224.3837399999997],[80.01021800000011,223.2037399999997],[80.35021800000011,222.1237399999997],[83.14021800000012,218.5837399999997],[84.65021800000012,214.99373999999972],[85.84021800000012,214.23373999999973],[88.05021800000011,215.5037399999997],[89.30021800000011,215.2537399999997],[91.46021800000011,213.93373999999972],[92.5302180000001,213.6937399999997],[93.9402180000001,214.0037399999997],[99.73021800000011,216.35373999999973],[100.88022000000011,216.24373999999972],[103.1202200000001,214.41373999999973],[107.77022000000011,213.64373999999975],[108.89022000000011,213.64373999999975],[111.28022000000011,215.17373999999973],[112.47022000000011,215.3837399999997],[113.9602200000001,215.16373999999968],[117.33022000000011,213.61373999999967],[119.75022000000011,214.2737399999997],[122.14022000000011,213.5037399999997],[125.9602200000001,212.91373999999973],[130.5902200000001,212.63373999999976],[131.9202200000001,212.84373999999974],[133.0202200000001,213.19373999999976],[137.8902200000001,223.14373999999975],[139.01022000000012,223.53373999999974],[138.8602200000001,225.74373999999972],[140.0802200000001,226.4437399999997],[141.1502200000001,226.16373999999973],[147.4702200000001,223.18373999999972],[149.89022000000008,223.8137399999997],[154.7902200000001,225.59373999999968],[158.89022000000008,230.11373999999967],[160.3502200000001,231.19373999999965],[161.4802200000001,230.88373999999965],[162.5302200000001,229.98373999999967],[163.6102200000001,229.88373999999965],[164.79022000000012,230.99373999999966],[167.1802200000001,232.00373999999965],[169.1602200000001,231.96373999999963],[170.1202200000001,236.40373999999963],[168.0102200000001,237.25373999999965],[167.0702200000001,238.41373999999968],[166.89022000000008,239.50373999999965],[163.59022000000007,241.00373999999965],[162.54022000000006,242.24373999999966],[159.97022000000007,247.26373999999964],[161.26022000000006,250.85373999999962],[160.42022000000006,255.7337399999996],[156.87022000000005,261.7337399999996],[156.83022000000005,264.0537399999996],[154.96022000000005,267.7937399999996],[154.96022000000005,269.0737399999996],[155.75022000000004,270.1237399999996],[154.47022000000004,272.6037399999996],[155.72022000000004,273.7237399999996],[159.18022000000005,275.58373999999964],[159.62022000000005,276.82373999999965],[160.97022000000004,277.96373999999963],[163.46022000000005,279.08373999999964],[167.19022000000004,279.6737399999996],[168.09022000000004,280.9937399999996],[166.83022000000005,283.1637399999996],[167.47022000000004,284.21373999999963],[165.56022000000004,288.9237399999996],[165.73022000000003,296.5437399999996],[163.46022000000002,297.01373999999964],[163.18022000000002,299.36373999999967],[162.13022,300.11373999999967],[156.36022,302.92373999999967],[155.21022,302.92373999999967],[154.05022,302.06373999999965],[152.90022,301.74373999999966],[148.20022,302.32373999999965],[145.23022,308.2937399999997],[141.67022,313.0437399999997],[139.49022,315.31373999999965],[138.36022,315.52373999999963],[137.07022,315.20373999999964],[133.51022,313.21373999999963],[132.42022,312.45373999999964],[129.61022,307.8537399999996],[127.12021999999999,306.7837399999996],[126.08021999999998,307.8137399999996],[124.73021999999999,310.1637399999996],[123.52022,311.0937399999996],[121.05022,311.8537399999996],[120.29021999999999,312.9337399999996],[120.00021999999998,316.7037399999996],[119.59021999999999,317.79373999999956],[117.15021999999999,318.3337399999996],[113.74022,317.2437399999996],[110.31021999999999,318.7837399999996],[105.10022,318.4137399999996]]]},"properties":{"id":"AO-BGU"}},
{"type":"Feature","geometry":{"type":"Polygon","coordinates":[[[243.68022,378.3637399999996],[242.51021999999952,377.19373999999954],[242.47021999999953,376.61373999999955],[243.00021999999953,375.78373999999957],[241.76021999999952,374.29373999999956],[241.50021999999953,373.16373999999956],[238.61021999999954,371.92373999999955],[238.59021999999953,371.13373999999953],[236.87021999999953,369.04373999999956],[230.75021999999953,366.0237399999996],[229.43021999999954,365.05373999999955],[227.69021999999953,362.8937399999995],[224.25021999999953,356.7937399999995],[223.10021999999952,356.4037399999995],[222.03021999999953,356.6737399999995],[218.52021999999954,358.4037399999995],[216.25021999999953,357.00373999999954],[214.94021999999953,357.0937399999995],[211.55021999999954,359.5237399999995],[210.85021999999955,358.1637399999995],[210.17021999999955,353.7837399999995],[209.32021999999955,351.3537399999995],[204.48021999999955,344.0837399999995],[203.41021999999955,343.0437399999995],[203.71021999999957,339.4637399999995],[201.55021999999957,334.7037399999995],[204.94021999999956,333.01373999999953],[206.16021999999955,333.2937399999995],[208.55021999999954,332.1637399999995],[212.16021999999955,332.9437399999995],[213.30021999999954,332.8737399999995],[215.39021999999954,334.8637399999995],[216.67021999999955,335.2137399999995],[218.90021999999954,333.3337399999995],[221.36021999999954,333.6737399999995],[222.50021999999953,333.4637399999995],[223.55021999999954,332.37373999999954],[228.16021999999955,332.68373999999955],[229.52021999999957,326.18373999999955],[230.54021999999958,325.17373999999955],[230.73021999999958,324.13373999999953],[232.98021999999958,322.9037399999995],[233.01021999999958,321.4637399999995],[236.67021999999957,319.5537399999995],[237.41021999999958,318.2137399999995],[237.70021999999958,315.8637399999995],[240.39021999999957,313.7337399999995],[242.31021999999956,311.5237399999995],[242.66021999999955,309.82373999999953],[242.37021999999956,308.04373999999956],[241.21021999999957,307.07373999999953],[239.38021999999955,304.0837399999995],[238.87021999999956,301.25373999999954],[237.89021999999957,299.49373999999955],[234.15021999999956,296.3337399999995],[231.91021999999955,295.13373999999953],[230.69021999999956,293.57373999999953],[230.53021999999956,292.4137399999995],[231.36021999999957,291.1737399999995],[231.44021999999958,290.0537399999995],[232.73021999999958,288.8137399999995],[233.12021999999956,287.6237399999995],[232.57021999999955,283.4337399999995],[232.23021999999955,282.2637399999995],[228.65021999999954,279.9337399999995],[228.77021999999954,277.6237399999995],[229.33021999999954,276.39373999999947],[230.43021999999954,276.1237399999995],[231.45021999999955,275.02373999999946],[231.91021999999955,272.40373999999946],[236.53021999999956,269.84373999999946],[238.82021999999955,269.1937399999995],[238.59021999999956,263.7537399999995],[239.00021999999956,262.1937399999995],[238.77021999999957,261.0137399999995],[239.20021999999958,255.51373999999947],[240.54021999999958,248.78373999999945],[240.02021999999957,247.16373999999945],[240.54021999999958,245.62373999999943],[239.85021999999958,238.66373999999945],[239.27021999999957,235.58373999999947],[240.16021999999955,231.69373999999948],[239.98021999999955,227.9137399999995],[239.57021999999955,223.4237399999995],[238.13021999999955,219.8737399999995],[238.00021999999956,217.56373999999948],[237.09021999999956,215.81373999999948],[237.73021999999955,213.06373999999948],[237.05021999999954,206.3037399999995],[237.24021999999954,205.7937399999995],[238.34021999999953,206.3537399999995],[244.26021999999952,205.94373999999948],[248.98021999999952,208.00373999999948],[254.7402199999995,204.65373999999946],[258.3802199999995,207.19373999999948],[259.8702199999995,206.9837399999995],[261.2302199999995,206.3437399999995],[262.3102199999995,205.13373999999953],[262.6802199999995,204.01373999999953],[263.8002199999995,202.88373999999953],[264.8502199999995,197.86373999999955],[269.7302199999995,194.37373999999954],[271.96021999999954,194.07373999999953],[273.56021999999956,191.92373999999955],[275.95021999999955,190.91373999999956],[278.32021999999955,190.48373999999956],[278.77021999999954,190.72373999999957],[278.28021999999953,192.1937399999996],[279.28021999999953,193.3137399999996],[280.1602199999995,195.2437399999996],[280.0602199999995,197.78373999999963],[280.4102199999995,198.8737399999996],[283.6202199999995,201.2437399999996],[286.2102199999995,205.02373999999958],[288.0702199999995,205.96373999999958],[289.9902199999995,205.72373999999957],[292.4502199999995,206.67373999999955],[294.7802199999995,206.70373999999953],[297.2502199999995,208.40373999999952],[298.7302199999995,208.96373999999952],[299.59021999999953,210.15373999999952],[301.4102199999995,211.13373999999953],[302.76021999999955,213.85373999999956],[303.05021999999957,218.38373999999953],[301.94021999999956,220.83373999999952],[301.76021999999955,222.15373999999952],[302.88021999999955,222.51373999999953],[304.02021999999954,222.15373999999952],[305.28021999999953,222.2337399999995],[307.6602199999995,222.88373999999948],[308.8602199999995,223.90373999999946],[310.0502199999995,228.24373999999943],[309.96021999999954,229.32373999999942],[309.3602199999995,230.44373999999942],[311.0702199999995,233.2137399999994],[310.6902199999995,234.61373999999938],[309.1502199999995,236.89373999999935],[312.4402199999995,239.77373999999935],[316.3302199999995,241.15373999999935],[316.6502199999995,242.23373999999933],[316.3802199999995,244.58373999999935],[313.8102199999995,249.15373999999935],[315.6302199999995,251.44373999999937],[314.9902199999995,252.80373999999938],[318.4902199999995,254.37373999999937],[318.9402199999995,256.58373999999935],[320.0402199999995,257.66373999999934],[321.27021999999954,258.02373999999935],[321.71021999999954,259.15373999999935],[321.5402199999995,260.23373999999933],[319.6602199999995,263.72373999999934],[319.64021999999954,265.03373999999934],[320.8502199999995,266.09373999999934],[321.52021999999954,264.97373999999934],[325.2902199999995,268.60373999999933],[327.5602199999995,269.82373999999936],[327.9602199999995,270.88373999999936],[327.4502199999995,273.2337399999994],[331.3702199999995,277.4937399999994],[333.0002199999995,279.75373999999937],[333.3302199999995,280.9237399999994],[332.92021999999946,283.3037399999994],[333.9002199999995,284.3537399999994],[338.98021999999946,289.0737399999994],[341.68021999999945,289.4737399999994],[342.9002199999995,290.4637399999994],[343.7602199999995,292.0137399999994],[345.0002199999995,292.92373999999944],[347.6402199999995,293.43373999999943],[348.5102199999995,294.49373999999943],[348.8402199999995,295.80373999999944],[347.79021999999947,296.7537399999994],[347.8302199999995,297.91373999999945],[354.2602199999995,303.68373999999943],[355.2102199999995,304.9437399999994],[355.3402199999995,306.79373999999945],[353.8902199999995,309.23373999999944],[353.7002199999995,310.55373999999944],[354.16021999999947,311.7537399999994],[355.12021999999945,313.04373999999945],[356.20021999999943,313.61373999999944],[356.9702199999994,316.91373999999945],[357.7702199999994,318.0637399999994],[359.0202199999994,317.5037399999994],[360.19021999999944,317.5937399999994],[360.91021999999947,318.7137399999994],[360.7102199999995,319.7837399999994],[359.6502199999995,320.7337399999994],[359.4502199999995,321.8037399999994],[360.54021999999947,322.3737399999994],[363.9602199999995,322.52373999999935],[365.05021999999946,323.6137399999993],[365.4702199999995,324.7037399999993],[365.8202199999995,329.0837399999993],[366.3102199999995,330.1437399999993],[368.5502199999995,332.3037399999993],[369.5402199999995,333.8037399999993],[370.9202199999995,334.15373999999935],[371.2002199999995,337.26373999999936],[372.0802199999995,338.4837399999994],[372.0002199999995,339.8037399999994],[373.7602199999995,342.2437399999994],[373.5602199999995,343.3537399999994],[372.0402199999995,345.7037399999994],[370.8102199999995,346.3137399999994],[368.5502199999995,346.2737399999994],[366.0002199999995,346.74373999999943],[362.0902199999995,351.3337399999994],[356.35021999999947,354.9737399999994],[350.10021999999947,358.3437399999994],[350.48021999999946,357.2937399999994],[349.74021999999945,355.9637399999994],[349.42021999999946,353.6337399999994],[349.81021999999945,351.2637399999994],[351.23021999999946,349.2537399999994],[350.23021999999946,345.4037399999994],[350.75021999999944,344.5437399999994],[352.12021999999945,343.8337399999994],[353.41021999999947,342.3837399999994],[353.3902199999995,341.1337399999994],[354.0602199999995,339.4137399999994],[353.53021999999953,338.3537399999994],[352.38021999999955,338.13373999999936],[351.2902199999996,338.66373999999934],[349.07021999999955,338.82373999999936],[342.7902199999996,336.9237399999994],[338.6502199999996,334.9937399999994],[334.6102199999996,330.81373999999937],[333.5302199999996,329.96373999999935],[332.4502199999996,329.6737399999993],[329.9602199999996,329.9937399999993],[328.7602199999996,329.7437399999993],[326.2602199999996,330.84373999999934],[319.9402199999996,329.25373999999937],[316.4502199999996,329.9337399999994],[314.6402199999996,328.9937399999994],[313.7802199999996,329.5337399999994],[313.3802199999996,330.4937399999994],[312.5002199999996,330.9937399999994],[310.3302199999996,330.4737399999994],[308.0602199999996,330.8937399999994],[307.5602199999996,331.7637399999994],[307.67021999999963,334.1937399999994],[306.60021999999964,336.55373999999944],[303.8802199999996,338.90373999999946],[304.6802199999996,335.5137399999995],[304.9602199999996,331.5537399999995],[304.6302199999996,330.08373999999947],[299.9302199999996,326.0737399999995],[299.8002199999996,325.0137399999995],[298.71021999999965,323.8637399999995],[297.60021999999964,323.8437399999995],[296.45021999999966,323.25373999999954],[296.1202199999997,322.0837399999995],[295.13021999999967,321.0437399999995],[292.95021999999966,320.7937399999995],[292.2402199999997,320.1537399999995],[291.2802199999997,320.5537399999995],[290.2002199999997,321.7337399999995],[287.8202199999997,322.1237399999995],[287.55021999999974,322.5437399999995],[288.67021999999974,324.8637399999995],[287.9502199999997,326.8737399999995],[286.8202199999997,328.5137399999995],[286.74021999999974,329.6837399999995],[287.47021999999976,331.0437399999995],[289.15021999999976,332.1537399999995],[288.7502199999998,333.0837399999995],[287.4502199999998,332.3437399999995],[287.1102199999998,332.7037399999995],[287.2702199999998,334.18373999999955],[288.3002199999998,335.22373999999957],[288.7902199999998,337.48373999999956],[286.26021999999983,341.1437399999996],[285.6502199999998,343.2437399999996],[285.62021999999985,344.9337399999996],[285.24021999999985,345.2537399999996],[283.5802199999998,345.1737399999996],[282.1702199999998,345.8537399999996],[281.9802199999998,346.33373999999964],[282.9902199999998,346.69373999999965],[283.4202199999998,347.65373999999963],[285.0802199999998,348.0337399999996],[285.55021999999985,350.94373999999965],[285.06021999999984,352.5337399999996],[284.04021999999986,353.5937399999996],[283.5202199999999,355.1037399999996],[281.9902199999999,356.3637399999996],[281.8802199999999,359.3537399999996],[281.3802199999999,360.2537399999996],[278.6102199999999,362.3337399999996],[277.3002199999999,363.7637399999996],[274.2202199999999,363.5837399999996],[271.3102199999999,364.5637399999996],[270.9702199999999,366.2137399999996],[268.7302199999999,366.2037399999996],[268.0402199999999,364.84373999999957],[267.0602199999999,365.2037399999996],[264.7502199999999,366.9937399999996],[261.7402199999999,368.15373999999963],[257.6102199999999,368.88373999999965],[254.33021999999994,368.20373999999964],[252.08021999999994,368.52373999999963],[249.16021999999995,371.76373999999964],[246.52021999999997,372.65373999999963],[246.11021999999997,374.13373999999965],[244.63021999999998,374.39373999999964],[244.18022,375.9837399999996],[244.36022,376.5037399999996],[245.23022,376.9937399999996],[245.04022,377.5137399999996],[243.68022,378.3637399999996]]]},"properties":{"id":"AO-BIE"}},
{"type":"Feature","geometry":{"type":"Polygon","coordinates":[[[55.640218,683.3537399999996],[54.970218,684.1037399999996],[53.510218,684.6337399999996],[52.360218,683.3037399999996],[52.280218000000005,681.3537399999996],[53.940218,679.0637399999996],[49.140218000000004,679.0037399999997],[46.84021800000001,675.2137399999996],[38.97021800000001,673.4337399999996],[34.14021800000001,665.7437399999997],[31.33021800000001,662.9737399999996],[28.980218000000008,662.7837399999996],[26.83021800000001,665.2237399999996],[25.01021800000001,658.8237399999996],[16.95021800000001,652.3037399999996],[17.29021800000001,651.7637399999996],[22.800218000000008,644.0537399999996],[22.360218000000007,645.4137399999996],[21.760218000000005,645.7137399999996],[21.880218000000006,646.1137399999996],[22.210218000000005,646.0937399999996],[22.220218000000006,645.7137399999996],[22.680218000000007,645.8837399999996],[23.050218000000008,645.2337399999996],[23.180218000000007,644.9937399999995],[23.730218000000008,644.4237399999996],[23.03021800000001,644.0237399999996],[23.46021800000001,643.1237399999995],[22.99021800000001,641.8937399999996],[25.26021800000001,638.3237399999996],[25.26021800000001,637.7637399999996],[24.730218000000008,637.5637399999996],[27.450218000000007,630.9737399999996],[27.950218000000007,628.3637399999996],[27.780218000000005,627.0237399999996],[26.870218000000005,626.3637399999996],[25.460218000000005,626.7537399999997],[23.650218000000006,622.3737399999995],[24.070218000000008,619.7937399999996],[24.840218000000007,618.0437399999996],[27.110218000000007,614.7737399999996],[26.650218000000006,615.9637399999996],[29.560218000000006,617.2437399999997],[42.850218000000005,617.7137399999996],[42.960218000000005,647.0637399999996],[40.490218000000006,648.1037399999996],[39.70021800000001,649.2237399999996],[40.100218000000005,650.4037399999996],[42.55021800000001,650.4637399999996],[43.69021800000001,651.3237399999996],[44.80021800000001,651.3037399999996],[45.39021800000001,651.8337399999996],[45.92021800000001,651.8237399999996],[46.78021800000001,652.7337399999996],[47.47021800000001,652.7237399999996],[48.04021800000001,654.2037399999996],[47.66021800000001,655.7037399999996],[48.00021800000001,656.2237399999996],[49.58021800000001,655.8237399999996],[51.84021800000001,656.2937399999996],[52.45021800000001,658.5737399999996],[53.670218000000006,659.8737399999997],[54.860218,660.2337399999996],[55.920218000000006,661.3737399999997],[55.98021800000001,661.7137399999996],[55.530218000000005,662.0637399999996],[56.650218,664.3337399999996],[57.440218,664.9037399999996],[57.850218,665.8337399999996],[58.780218,665.8537399999996],[59.020218,666.6337399999996],[59.840218,666.9637399999996],[61.990218,666.9637399999996],[65.080218,668.4037399999996],[67.490218,668.8637399999996],[68.670218,669.6037399999996],[69.880218,669.0737399999996],[70.580218,669.0737399999996],[71.040218,669.5037399999997],[70.89021799999999,671.1837399999996],[66.42021799999999,673.8537399999996],[65.08021799999999,676.3437399999996],[61.14021799999999,679.9737399999996],[60.980217999999994,682.8337399999996],[56.550217999999994,682.3337399999996],[55.640218,683.3537399999996]]]},"properties":{"id":"AO-CAB"}},
{"type":"Feature","geometry":{"type":"Polygon","coordinates":[[[310.05022,228.2437399999996],[308.8602200000009,223.90373999999946],[307.6602200000009,222.88373999999948],[305.2802200000009,222.2337399999995],[304.0202200000009,222.15373999999952],[302.8802200000009,222.51373999999953],[301.7602200000009,222.15373999999952],[301.9402200000009,220.83373999999952],[303.05022000000093,218.38373999999953],[302.7602200000009,213.85373999999956],[301.4102200000009,211.13373999999953],[299.5902200000009,210.15373999999952],[298.7302200000009,208.96373999999952],[297.25022000000087,208.40373999999952],[294.78022000000084,206.70373999999953],[292.45022000000085,206.67373999999955],[289.9902200000009,205.72373999999957],[288.07022000000086,205.96373999999958],[286.21022000000085,205.02373999999958],[283.62022000000087,201.2437399999996],[280.4102200000009,198.8737399999996],[280.06022000000087,197.78373999999963],[280.1602200000009,195.2437399999996],[279.2802200000009,193.3137399999996],[278.2802200000009,192.1937399999996],[278.7702200000009,190.72373999999957],[278.3202200000009,190.48373999999956],[275.9502200000009,190.91373999999956],[273.5602200000009,191.92373999999955],[271.9602200000009,194.07373999999953],[269.7302200000009,194.37373999999954],[264.8502200000009,197.86373999999955],[263.8002200000009,202.88373999999953],[262.6802200000009,204.01373999999953],[262.31022000000087,205.13373999999953],[261.2302200000009,206.3437399999995],[259.87022000000087,206.9837399999995],[258.38022000000086,207.19373999999948],[254.74022000000087,204.65373999999946],[248.98022000000088,208.00373999999948],[244.26022000000088,205.94373999999948],[238.3402200000009,206.3537399999995],[237.2402200000009,205.7937399999995],[237.8802200000009,204.4137399999995],[237.2402200000009,202.3537399999995],[238.4102200000009,198.76373999999953],[237.6902200000009,194.5337399999995],[237.51022000000088,193.9837399999995],[236.6602200000009,193.44373999999948],[236.6002200000009,192.7937399999995],[237.2902200000009,190.75373999999948],[237.46022000000087,187.59373999999946],[238.92022000000088,184.29373999999945],[238.51022000000088,182.63373999999942],[238.96022000000087,181.0337399999994],[238.59022000000087,178.6037399999994],[238.65022000000087,174.0437399999994],[241.29022000000086,171.55373999999938],[242.42022000000085,171.43373999999937],[242.61022000000085,170.98373999999933],[242.07022000000086,170.32373999999936],[244.85022000000086,169.5337399999994],[244.81022000000087,169.08373999999935],[244.32022000000086,168.92373999999938],[243.63022000000086,166.57373999999936],[245.63022000000086,164.69373999999937],[246.33022000000085,161.96373999999935],[245.89022000000085,159.59373999999934],[245.96022000000085,157.7937399999994],[246.90022000000084,155.98373999999944],[248.64022000000085,154.25373999999942],[248.93022000000084,152.50373999999942],[248.24022000000085,151.7837399999994],[248.15022000000084,150.70373999999936],[249.20022000000085,148.87373999999932],[250.56022000000087,147.53373999999928],[252.37022000000087,146.72373999999934],[251.88022000000086,145.2637399999993],[252.72022000000086,144.03373999999928],[255.54022000000086,142.6537399999993],[255.90022000000087,141.6337399999993],[255.53022000000087,140.59373999999934],[256.87022000000087,139.23373999999933],[258.9202200000009,138.1537399999993],[259.12022000000087,136.47373999999934],[260.14022000000085,136.07373999999936],[261.39022000000085,134.55373999999938],[264.21022000000085,133.76373999999942],[264.9202200000008,132.34373999999946],[265.85022000000083,132.9037399999994],[266.6202200000008,129.42373999999938],[267.6402200000008,128.25373999999942],[271.1302200000008,127.34373999999946],[274.1902200000008,120.5537399999995],[277.6502200000008,114.76373999999953],[281.0302200000008,111.74373999999955],[282.1502200000008,109.45373999999958],[281.9502200000008,101.40373999999963],[283.6002200000008,91.9437399999996],[283.5402200000008,85.64373999999964],[282.05022000000076,80.54373999999962],[278.63022000000075,77.13373999999965],[278.11022000000077,75.99373999999966],[277.37022000000076,72.09373999999968],[274.4702200000008,66.53373999999974],[273.8802200000008,60.03373999999974],[273.8602200000008,54.243739999999775],[277.91022000000083,41.19373999999982],[276.51022000000086,33.813739999999825],[333.08022000000085,33.61373999999978],[335.47022000000084,30.61373999999978],[335.8702200000008,28.903739999999743],[337.4802200000008,28.093739999999798],[337.83022000000085,27.303739999999834],[338.63022000000086,26.653739999999857],[339.3002200000009,24.733739999999898],[340.14022000000085,23.76373999999987],[341.78022000000084,23.44373999999982],[342.66022000000083,22.51373999999987],[342.59022000000084,21.623739999999884],[343.0502200000008,20.82373999999993],[348.3002200000008,16.983739999999898],[349.2402200000008,15.58373999999992],[350.5202200000008,15.703739999999925],[351.5602200000008,14.163739999999962],[353.7402200000008,13.803739999999948],[353.8602200000008,13.173739999999952],[355.0102200000008,12.303739999999948],[355.7802200000008,12.413739999999962],[357.1602200000008,11.563739999999939],[366.8802200000008,10.683739999999943],[368.0202200000008,12.003739999999993],[368.5002200000008,12.123739999999998],[369.6802200000008,11.793739999999957],[370.0202200000008,12.033739999999966],[372.55022000000076,11.15373999999997],[373.64022000000074,11.703739999999925],[374.25022000000075,11.283739999999966],[375.08022000000074,11.433739999999943],[375.9702200000007,10.763739999999984],[376.52022000000073,10.993740000000003],[377.20022000000074,10.573740000000043],[377.3502200000007,10.003739999999993],[377.5902200000007,9.71374000000003],[378.2302200000007,9.943740000000048],[379.1802200000007,9.573740000000043],[379.4402200000007,10.073740000000043],[379.84022000000067,10.053740000000062],[381.5002200000007,9.103740000000016],[384.0502200000007,9.493740000000003],[386.3902200000007,8.97374000000002],[386.78022000000067,9.46374000000003],[389.66022000000066,8.993740000000003],[394.2002200000007,10.023739999999975],[395.2502200000007,9.513739999999984],[396.28022000000067,8.183739999999943],[397.1402200000007,8.533739999999966],[398.5202200000007,6.883739999999989],[399.22022000000067,7.033739999999966],[399.60022000000066,7.873739999999998],[400.88022000000063,8.773739999999975],[401.7802200000006,8.90373999999997],[403.50022000000064,8.353740000000016],[404.73022000000066,8.353740000000016],[405.49022000000065,8.503739999999993],[406.57022000000063,9.353740000000016],[408.7002200000006,8.683740000000057],[409.44022000000064,7.923740000000066],[410.75022000000064,8.103740000000016],[412.2002200000006,7.413739999999962],[413.82022000000063,8.043739999999957],[415.00022000000064,7.82373999999993],[416.49022000000065,6.983739999999898],[419.2702200000006,8.543739999999843],[422.37022000000064,8.143739999999866],[422.73022000000066,7.803739999999834],[424.06022000000064,9.143739999999866],[425.23022000000066,8.643739999999866],[426.49022000000065,9.383739999999875],[429.11022000000065,7.663739999999848],[430.09022000000067,7.743739999999889],[433.22022000000067,6.733739999999898],[434.16022000000066,5.1037399999999025],[435.2002200000007,4.8537399999999025],[437.2602200000007,3.543739999999957],[439.5202200000007,3.313739999999939],[440.7002200000007,3.713739999999916],[441.4302200000007,3.643739999999866],[442.7302200000007,3.5537399999998343],[444.3402200000007,2.823739999999816],[445.65022000000073,1.5537399999998343],[447.88022000000075,2.0137399999998706],[448.06022000000075,1.213739999999916],[448.7902200000008,1.3137399999999388],[451.2202200000008,0.29373999999995704],[453.67022000000077,0.6737399999999525],[453.50022000000075,1.303739999999948],[453.7902200000008,1.963739999999916],[454.80022000000076,2.1237399999998843],[454.94022000000075,2.743739999999889],[456.65022000000073,3.1837399999999434],[457.4302200000007,4.123739999999998],[459.2302200000007,4.753739999999993],[460.1802200000007,4.453740000000039],[463.0602200000007,4.793740000000071],[463.4602200000007,5.153740000000084],[465.2002200000007,4.953740000000039],[465.98022000000066,5.6437400000000935],[466.9602200000007,5.433740000000057],[467.8902200000007,5.773740000000089],[471.0002200000007,5.933740000000057],[472.1002200000007,4.763740000000098],[473.4302200000007,4.153740000000084],[474.2202200000007,4.163740000000075],[476.0602200000007,3.203740000000039],[477.7602200000007,3.183740000000057],[478.9802200000007,1.9937400000000025],[480.2602200000007,1.9237399999999525],[481.54022000000066,1.2037399999999252],[579.8802200000007,21.00373999999988],[579.6702200000007,22.383739999999875],[578.0802200000006,23.93373999999983],[576.7302200000006,24.093739999999798],[575.4202200000007,25.36373999999978],[574.2202200000006,24.983739999999784],[572.8002200000006,25.843739999999798],[570.6402200000007,25.60373999999979],[567.8302200000007,29.20373999999981],[565.7602200000007,29.813739999999825],[566.0302200000007,30.20373999999981],[565.1602200000007,30.95373999999981],[565.1202200000007,31.823739999999816],[563.9302200000006,32.053739999999834],[562.9502200000006,32.78373999999985],[561.7402200000006,36.143739999999866],[560.7502200000006,36.4837399999999],[559.2902200000005,38.143739999999866],[559.2202200000005,39.02373999999986],[554.9102200000005,42.02373999999986],[553.9802200000006,43.123739999999884],[549.2602200000006,44.93373999999983],[549.0502200000005,45.44373999999982],[549.3702200000006,46.143739999999866],[548.4202200000005,47.6037399999999],[545.8102200000005,49.65373999999986],[544.9702200000005,51.42373999999984],[543.6202200000005,51.803739999999834],[543.6402200000005,52.72373999999979],[540.0902200000005,55.90373999999974],[538.2202200000005,58.5737399999997],[534.9102200000005,61.13373999999965],[533.9702200000005,62.19373999999959],[533.9602200000005,63.14373999999964],[532.5002200000005,64.0837399999997],[528.4202200000004,68.49373999999966],[526.9802200000004,69.22373999999968],[526.9002200000003,70.01373999999964],[525.0402200000003,72.4537399999997],[523.4302200000003,73.06373999999971],[522.4502200000003,74.98373999999967],[520.6002200000003,75.47373999999968],[520.0302200000002,76.40373999999963],[518.2802200000002,77.65373999999963],[517.0802200000002,79.40373999999963],[515.6802200000002,79.53373999999963],[516.3602200000001,80.35373999999968],[515.8802200000001,81.59373999999968],[516.0402200000001,82.9537399999997],[515.2002200000001,86.4537399999997],[514.8202200000001,87.41373999999973],[512.8902200000001,89.87373999999977],[513.1702200000001,91.29373999999973],[512.2902200000001,91.65373999999974],[509.6302200000001,94.31373999999971],[509.4602200000001,96.0837399999997],[507.7702200000001,97.6937399999997],[501.1002200000001,101.4537399999997],[500.8202200000001,103.22373999999968],[500.1302200000001,103.93373999999972],[500.24022000000014,105.12373999999977],[498.66022000000015,106.38373999999976],[497.92022000000014,107.75373999999977],[497.73022000000014,109.35373999999979],[497.02022000000017,110.02373999999975],[495.80022000000014,110.02373999999975],[495.4402200000001,110.37373999999977],[495.4402200000001,111.53373999999974],[494.99022000000014,112.51373999999976],[495.3202200000001,113.42373999999973],[493.5002200000001,114.43373999999972],[492.2002200000001,114.47373999999968],[490.06022000000013,116.54373999999973],[488.74022000000014,120.10373999999968],[487.17022000000014,121.3337399999997],[487.46022000000016,123.49373999999966],[485.85022000000015,124.72373999999968],[484.98022000000014,126.62373999999966],[484.5702200000001,126.9337399999996],[483.4002200000001,126.9437399999996],[482.7002200000001,127.67373999999961],[482.4702200000001,128.79373999999962],[482.7602200000001,131.95373999999958],[481.93022000000013,133.9237399999996],[480.99022000000014,134.34373999999957],[480.43022000000013,135.14373999999953],[478.04022000000015,135.47373999999957],[476.54022000000015,136.79373999999962],[475.43022000000013,137.09373999999957],[473.74022000000014,138.9437399999996],[472.2702200000001,143.6937399999996],[470.5502200000001,144.74373999999955],[468.1702200000001,144.58373999999958],[467.5202200000001,145.46373999999958],[467.9102200000001,147.0637399999996],[467.4602200000001,147.16373999999962],[466.5802200000001,146.61373999999967],[465.5702200000001,147.01373999999964],[464.31022000000013,149.23373999999967],[463.0702200000001,150.15373999999963],[460.9002200000001,152.84373999999968],[458.3602200000001,153.52373999999963],[457.14022000000006,154.36373999999967],[456.6202200000001,155.28373999999963],[455.70022000000006,154.86373999999967],[454.4902200000001,154.84373999999968],[452.6802200000001,156.52373999999963],[451.52022000000005,156.53373999999963],[451.07022000000006,155.59373999999957],[450.53022000000004,155.4237399999996],[445.81022,156.39373999999964],[444.88022,157.5537399999996],[443.91022,157.91373999999962],[442.01022,157.01373999999964],[440.36022,157.38373999999965],[438.01022,156.25373999999965],[435.25022,156.90373999999963],[432.33022,155.70373999999958],[427.83022,156.76373999999953],[424.05022,156.40373999999952],[421.26022,157.88373999999953],[419.03022,158.39373999999953],[414.96022,160.63373999999953],[413.48022,162.63373999999953],[411.49021999999997,164.08373999999958],[410.09022,166.49373999999955],[408.94022,166.7837399999995],[408.46022,167.61373999999955],[407.43022,167.27373999999952],[406.91022000000004,167.46373999999958],[406.88022000000007,168.71373999999958],[405.78022000000004,168.65373999999963],[405.12022,170.14373999999964],[401.82022,172.41373999999962],[401.48022000000003,173.3237399999996],[400.30022,174.2637399999996],[399.87022,175.1837399999996],[398.40022,175.85373999999962],[397.96022,177.4237399999996],[395.75022,178.6737399999996],[394.18022,182.64373999999964],[392.66022000000004,183.91373999999962],[392.10022000000004,186.83373999999964],[389.44022,189.01373999999964],[388.49022,191.52373999999963],[387.76022,192.34373999999963],[382.05022,191.16373999999962],[379.87022,191.8737399999996],[378.27022,191.6137399999996],[377.07022,191.8737399999996],[374.90022,193.70373999999958],[373.75022,194.1337399999996],[372.67022000000003,193.77373999999958],[370.03022000000004,192.34373999999957],[370.11022,190.1937399999996],[371.78022000000004,184.2637399999996],[364.81022,188.02373999999958],[363.65022,187.9437399999996],[358.74021999999997,186.0637399999996],[358.24021999999997,186.0037399999996],[356.84022,186.9837399999996],[356.27022,186.97373999999962],[356.36021999999997,187.59373999999963],[355.28022,188.6837399999996],[355.26022,189.54373999999962],[354.13022,190.6137399999996],[354.05022,192.20373999999958],[353.10022000000004,192.7437399999996],[351.95022000000006,195.1237399999996],[351.73022000000003,196.79373999999962],[352.20022000000006,197.78373999999963],[350.75022000000007,201.66373999999962],[351.27022000000005,203.21373999999963],[351.07022000000006,203.70373999999964],[348.60022000000004,207.24373999999966],[348.25022,208.94373999999965],[347.39022,210.17373999999967],[345.18022,211.51373999999964],[344.82022,212.87373999999966],[343.99022,213.51373999999964],[343.22022000000004,213.24373999999966],[342.53022000000004,214.08373999999964],[340.49022,215.40373999999963],[339.67022000000003,216.4937399999996],[338.56022,216.91373999999962],[336.25022,216.04373999999962],[335.12022,216.45373999999964],[330.40022,219.91373999999962],[328.14022,221.0637399999996],[324.83022,220.3137399999996],[323.68022,220.3737399999996],[310.05022,228.2437399999996]]]},"properties":{"id":"AO-CCU"}},
{"type":"Feature","geometry":{"type":"Polygon","coordinates":[[[147.39022,488.15373999999963],[144.23022,486.4937399999993],[137.71022,486.39373999999935],[136.08022,486.82373999999936],[133.90022,486.75373999999937],[131.52022,485.00373999999937],[130.45022,484.7737399999994],[128.84022,483.3837399999994],[128.24022,481.49373999999943],[128.24022,480.2937399999994],[128.82022,479.1537399999994],[131.37022000000002,477.24373999999943],[132.02022000000002,476.0337399999994],[133.70022000000003,471.4137399999994],[133.84022000000002,469.1337399999994],[132.01022,465.97373999999945],[128.55022,463.5237399999994],[124.90021999999999,462.08373999999947],[120.40021999999999,461.8137399999994],[119.21021999999999,459.72373999999945],[119.07021999999999,458.61373999999944],[121.30022,457.5937399999994],[122.37021999999999,456.5537399999994],[122.85022,454.1337399999994],[122.00022,453.0537399999994],[119.69022,452.5137399999994],[118.57021999999999,451.7537399999994],[118.14021999999999,450.5437399999994],[119.25021999999998,449.48373999999944],[122.92021999999999,449.4137399999994],[124.07021999999999,448.62373999999943],[124.71021999999999,447.48373999999944],[123.55022,446.4437399999995],[123.42022,445.3037399999995],[125.48022,443.08373999999947],[125.31022,441.85373999999945],[123.09022,439.9037399999995],[122.54022,438.8037399999995],[121.86022,435.3937399999995],[119.65022,430.2337399999995],[121.02022000000001,429.8437399999995],[121.28022000000001,429.4737399999995],[122.34022000000002,425.7737399999995],[123.59022000000002,424.9237399999995],[124.72022000000001,424.6837399999995],[128.03022,424.89373999999947],[128.76022,424.3037399999995],[129.27022,422.7137399999995],[130.66021999999998,421.9837399999995],[134.91021999999998,422.4537399999995],[138.09022,420.8337399999995],[139.11022,419.0937399999995],[140.67022,418.5937399999995],[141.64022,417.4837399999995],[143.40022,418.2437399999995],[146.18022,417.70373999999947],[151.53021999999999,418.4337399999995],[152.02022,418.6337399999995],[152.84022,419.91373999999945],[153.40022,420.04373999999945],[154.66021999999998,419.90373999999946],[156.90022,420.3137399999995],[157.78021999999999,420.8037399999995],[159.77022,420.9237399999995],[161.48022,420.5737399999995],[162.51022,421.5637399999995],[161.94022,422.3737399999995],[162.16022,422.77373999999946],[164.79022,421.95373999999947],[166.36022,421.8837399999995],[168.32022,420.3637399999995],[169.75022,420.4037399999995],[172.36022000000003,422.6837399999995],[172.66022000000004,423.7337399999995],[172.06022000000004,427.2637399999995],[171.37022000000005,428.3837399999995],[170.22022000000004,429.22373999999945],[170.11022000000003,430.2837399999995],[173.55022000000002,433.3137399999995],[172.99022000000002,435.71373999999946],[170.10022000000004,437.8037399999995],[171.66022000000004,438.4137399999995],[173.40022000000005,438.0937399999995],[176.19022000000004,438.6037399999995],[176.44022000000004,441.7137399999995],[176.92022000000003,443.2937399999995],[178.30022000000002,444.63373999999953],[179.81022000000002,445.1737399999995],[182.22022,445.1437399999995],[183.15022000000002,445.5537399999995],[184.56022000000002,446.9237399999995],[186.28022,447.0237399999995],[188.26022,448.4437399999995],[188.88022,448.4237399999995],[190.09022000000002,447.5437399999995],[191.02022000000002,447.51373999999953],[191.95022000000003,447.87373999999954],[194.41022000000004,447.7837399999995],[196.09022000000004,448.8937399999995],[196.50022000000004,451.85373999999956],[195.93022000000005,455.34373999999957],[196.74022000000005,457.5437399999995],[197.32022000000006,462.23373999999956],[199.13022000000007,467.9137399999995],[200.59022000000007,470.1637399999995],[199.52022000000008,472.61373999999955],[197.06022000000007,472.7737399999995],[195.98022000000006,473.50373999999954],[194.61022000000006,476.37373999999954],[197.87022000000005,480.99373999999955],[197.61022000000006,483.2137399999995],[204.00022000000004,484.7937399999995],[205.32022000000003,486.3337399999995],[204.64022000000003,487.2937399999995],[204.96022000000002,488.69373999999954],[204.35022,489.4537399999995],[204.61022,491.49373999999955],[203.96022,492.82373999999953],[204.07022,495.50373999999954],[203.83022,500.2837399999995],[203.16022,500.98373999999956],[202.64022,500.88373999999953],[202.39022,500.4237399999995],[201.84022,500.57373999999953],[201.20022,502.38373999999953],[201.19022,502.9137399999995],[202.62022000000002,503.1737399999995],[202.61022000000003,503.61373999999955],[200.84022000000002,504.57373999999953],[199.84022000000002,505.6637399999995],[195.31022000000002,505.59373999999957],[193.56022000000002,503.94373999999954],[190.66022,503.0337399999995],[188.93022000000002,503.1437399999995],[187.18022000000002,503.88373999999953],[186.77022000000002,505.53373999999957],[186.91022,507.17373999999955],[186.09022000000002,508.41373999999956],[184.64022000000003,509.1937399999996],[178.66022000000004,509.04373999999956],[174.16022000000004,507.97373999999957],[174.55022000000002,505.37373999999954],[173.51022000000003,503.6937399999996],[173.35022000000004,502.4437399999996],[173.67022000000003,502.10373999999956],[174.64022000000003,502.4437399999996],[175.71022000000002,501.4037399999996],[175.66022,500.8237399999996],[174.59022000000002,499.1837399999996],[174.54022,496.09373999999957],[174.13022,495.8937399999996],[173.69022,494.60373999999956],[172.76022,494.4637399999996],[172.42022,493.4237399999996],[171.12022,493.3137399999996],[170.46022,491.22373999999957],[167.74022,491.5437399999996],[165.17022,490.3137399999996],[162.68022,491.9437399999996],[160.16021999999998,492.1837399999996],[158.40022,490.52373999999963],[157.88021999999998,488.63373999999965],[155.94021999999998,486.4737399999996],[153.55022,485.51373999999964],[151.79022,485.6637399999996],[149.86022,486.51373999999964],[148.03021999999999,486.2037399999996],[147.39022,488.15373999999963]]]},"properties":{"id":"AO-CNO"}},
{"type":"Feature","geometry":{"type":"Polygon","coordinates":[[[143.40022,418.2437399999996],[144.09022,408.5637399999997],[141.66021999999998,405.4437399999997],[141.94021999999998,403.9637399999997],[144.22021999999998,400.2537399999997],[144.25021999999998,399.1437399999997],[142.99022,398.2837399999997],[142.44021999999998,397.2137399999997],[142.56022,396.1437399999997],[143.24022,394.7937399999997],[145.50021999999998,392.98373999999967],[146.12022,390.7037399999997],[144.91021999999998,387.4237399999997],[143.90022,385.90373999999974],[142.67022,384.81373999999977],[140.34022,385.4237399999998],[139.11022,386.13373999999976],[135.25021999999998,390.7337399999998],[132.91021999999998,391.06373999999977],[130.68022,392.5437399999998],[129.63021999999998,392.7837399999998],[126.13021999999998,393.1037399999998],[124.98021999999997,392.7037399999998],[122.58021999999997,391.5737399999998],[119.56021999999997,388.4437399999998],[117.72021999999997,387.67373999999984],[116.68021999999996,386.65373999999986],[115.58021999999997,386.51373999999987],[114.62021999999997,387.59373999999985],[112.63021999999998,388.40373999999986],[107.32021999999998,387.71373999999986],[106.95021999999997,388.03373999999985],[107.00021999999997,388.58373999999986],[104.01021999999998,388.59373999999985],[102.21021999999998,389.55373999999983],[101.66021999999998,389.49373999999983],[102.05021999999998,388.6237399999998],[101.08021999999998,388.3737399999998],[98.38021799999999,392.5037399999998],[95.27021799999999,394.2737399999998],[94.14021799999999,394.2737399999998],[93.80021799999999,394.5837399999998],[93.730218,395.6437399999998],[91.61021799999999,396.1537399999998],[90.38021799999999,394.6637399999998],[91.72021799999999,393.1837399999998],[92.55021799999999,390.2337399999998],[92.78021799999999,388.7437399999998],[91.89021799999999,387.37373999999977],[96.41021799999999,382.8037399999998],[103.56021999999999,374.1137399999998],[104.31021999999999,372.6837399999998],[104.36021999999998,372.06373999999977],[103.88021999999998,371.19373999999976],[103.09021999999997,370.88373999999976],[102.47021999999997,369.5437399999998],[101.20021999999997,369.0837399999998],[106.60021999999998,361.80373999999983],[107.88021999999998,358.91373999999985],[108.40021999999998,356.42373999999984],[107.14021999999997,349.6337399999998],[106.86021999999997,345.3837399999998],[106.42021999999997,344.5937399999998],[106.66021999999997,341.5137399999998],[106.53021999999997,341.1637399999998],[105.68021999999998,341.0137399999998],[105.02021999999998,339.7537399999998],[105.49021999999998,337.10373999999985],[104.84021999999997,335.39373999999987],[105.06021999999997,334.04373999999984],[104.32021999999998,331.92373999999984],[104.19021999999998,330.53373999999985],[104.51021999999998,329.3137399999998],[104.28021999999997,328.48373999999984],[103.65021999999998,328.03373999999985],[104.58021999999998,326.28373999999985],[104.25021999999998,325.64373999999987],[104.31021999999999,324.52373999999986],[105.10022,318.41373999999985],[110.31021999999999,318.78373999999985],[113.75021999999998,317.24373999999983],[117.16021999999998,318.3337399999998],[119.60021999999998,317.7937399999998],[120.01021999999998,316.7137399999998],[120.30021999999998,312.9437399999998],[121.06021999999999,311.86373999999984],[123.54021999999999,311.09373999999985],[124.75021999999998,310.16373999999985],[126.10021999999998,307.8137399999998],[127.14021999999999,306.79373999999984],[129.62022,307.86373999999984],[132.43022,312.46373999999986],[133.53021999999999,313.22373999999985],[137.08022,315.21373999999986],[138.37022,315.53373999999985],[139.50021999999998,315.33373999999986],[141.69021999999998,313.0637399999999],[145.25021999999998,308.3137399999999],[148.22021999999998,302.34373999999985],[152.92021999999997,301.76373999999987],[154.07021999999998,302.08373999999986],[155.23021999999997,302.9437399999999],[156.38021999999998,302.9437399999999],[162.15022,300.1337399999999],[163.20022,299.3837399999999],[163.48022,297.03373999999985],[165.75022,296.55373999999983],[168.18022000000002,302.6237399999998],[170.25022,304.68373999999983],[173.27022000000002,305.04373999999984],[175.80022000000002,306.5737399999998],[177.00022,306.0937399999998],[178.12022000000002,306.7137399999998],[179.85022,308.8037399999998],[183.56022000000002,308.58373999999975],[182.84022000000002,309.8037399999998],[183.73022,313.39373999999975],[182.83022,314.56373999999977],[184.03021999999999,315.4237399999998],[184.03021999999999,317.2737399999998],[184.70021999999997,318.6737399999998],[183.52021999999997,319.56373999999977],[183.37021999999996,321.87373999999977],[182.03021999999996,323.83373999999975],[182.41021999999995,327.53373999999974],[184.56021999999996,329.2437399999997],[188.17021999999997,330.0137399999997],[190.38021999999998,331.5137399999997],[199.72021999999998,333.0237399999997],[200.87022,333.5237399999997],[201.55022,334.7037399999997],[203.71022,339.4637399999997],[203.41021999999998,343.0437399999997],[204.48021999999997,344.0837399999997],[209.32021999999998,351.3537399999997],[210.17021999999997,353.7837399999997],[210.85021999999998,358.1637399999997],[211.55021999999997,359.5237399999997],[214.94021999999995,357.0937399999997],[216.25021999999996,357.0037399999997],[218.52021999999997,358.4037399999997],[222.03021999999996,356.67373999999967],[223.10021999999995,356.4037399999997],[224.25021999999996,356.7937399999997],[227.69021999999995,362.8937399999997],[229.43021999999996,365.0537399999997],[230.75021999999996,366.02373999999975],[236.87021999999996,369.04373999999973],[238.59021999999996,371.1337399999997],[238.61021999999997,371.9237399999997],[241.50021999999996,373.16373999999973],[241.76021999999995,374.29373999999973],[243.00021999999996,375.78373999999974],[242.47021999999996,376.6137399999997],[242.51021999999995,377.1937399999997],[243.68021999999993,378.3637399999997],[242.37021999999993,380.34373999999974],[241.15021999999993,381.2337399999997],[239.01021999999995,383.8737399999997],[237.94021999999995,385.5737399999997],[235.91021999999995,386.1737399999997],[235.63021999999995,387.16373999999973],[235.86021999999994,389.63373999999976],[235.01021999999995,390.1737399999998],[234.65021999999993,391.20373999999975],[233.37021999999993,392.63373999999976],[231.55021999999994,392.83373999999975],[230.77021999999994,393.40373999999974],[230.14021999999994,397.19373999999976],[230.49021999999994,398.1737399999998],[232.49021999999994,399.6737399999998],[232.79021999999995,400.4337399999998],[231.50021999999996,403.08373999999975],[231.19021999999995,406.1737399999997],[229.08021999999994,408.8837399999997],[229.49021999999994,411.9237399999997],[228.62021999999993,413.09373999999974],[226.48021999999995,414.01373999999976],[225.44021999999995,414.85373999999973],[224.70021999999994,417.1937399999997],[222.89021999999994,419.3937399999997],[217.64021999999994,419.9437399999997],[214.22021999999996,420.7137399999997],[209.32021999999995,420.0337399999997],[205.88021999999995,421.0437399999997],[204.65021999999996,420.9037399999997],[202.37021999999996,417.74373999999966],[198.76021999999995,417.52373999999963],[195.41021999999995,418.14373999999964],[193.10021999999995,417.68373999999966],[191.94021999999995,417.96373999999963],[189.68021999999996,417.43373999999966],[187.52021999999997,417.68373999999966],[185.32021999999998,417.26373999999964],[182.82021999999998,416.27373999999963],[181.10021999999998,416.1737399999996],[179.07021999999998,416.21373999999963],[178.16021999999998,416.68373999999966],[177.02022,416.45373999999964],[174.93022,416.74373999999966],[173.45022,417.9637399999997],[172.48022,417.99373999999966],[171.48022,419.0437399999997],[170.50022,419.44373999999965],[169.75022,420.40373999999963],[168.32022,420.3637399999996],[166.36022,421.8837399999996],[164.79022,421.9537399999996],[162.16022,422.7737399999996],[161.94022,422.3737399999996],[162.51022,421.5637399999996],[161.48022,420.5737399999996],[159.77022,420.9237399999996],[157.78021999999999,420.8037399999996],[156.90022,420.3137399999996],[154.66021999999998,419.9037399999996],[153.40022,420.04373999999956],[152.84022,419.91373999999956],[152.02022,418.6337399999996],[151.53021999999999,418.4337399999996],[146.18022,417.7037399999996],[143.40022,418.2437399999996]]]},"properties":{"id":"AO-CUS"}},
{"type":"Feature","geometry":{"type":"Polygon","coordinates":[[[89.550218,92.25373999999965],[85.56021799999995,87.69374000000028],[84.61021799999995,87.62374000000023],[83.16021799999994,86.2737400000002],[82.61021799999995,86.98374000000024],[81.83021799999995,85.43374000000028],[80.27021799999994,85.35374000000024],[79.15021799999994,83.63374000000022],[77.68021799999994,83.43374000000017],[76.88021799999994,82.82374000000016],[75.75021799999995,81.07374000000016],[77.76021799999995,79.16374000000019],[78.47021799999995,78.01374000000021],[78.69021799999994,76.86374000000023],[76.92021799999995,74.32374000000027],[75.68021799999995,73.48374000000024],[74.56021799999995,73.33374000000026],[73.42021799999995,72.23374000000024],[72.42021799999995,69.94374000000028],[72.80021799999994,68.70374000000027],[73.81021799999995,67.44374000000028],[80.95021799999995,60.31374000000028],[82.29021799999995,57.81374000000028],[82.49021799999996,55.203740000000266],[82.95021799999995,55.113740000000234],[84.43021799999995,55.08374000000026],[86.16021799999996,53.90374000000031],[88.90021799999995,52.83374000000026],[91.52021799999996,49.17374000000029],[91.50021799999996,48.4137400000003],[90.65021799999997,47.34374000000025],[90.94021799999997,46.89374000000021],[92.63021799999997,46.24374000000023],[97.04021799999997,43.373740000000225],[99.17021799999996,41.18374000000017],[99.85021799999997,41.19374000000016],[101.16021999999997,39.983740000000125],[102.77021999999997,39.45374000000015],[105.88021999999997,37.19374000000016],[109.18021999999996,35.82374000000016],[110.88021999999997,34.37374000000011],[111.56021999999997,32.3837400000001],[112.94021999999997,31.59374000000014],[114.72021999999997,31.67374000000018],[116.00021999999997,32.28374000000019],[119.71021999999996,31.123740000000225],[120.58021999999997,31.953740000000266],[122.57021999999996,31.58374000000026],[123.24021999999997,32.28374000000031],[125.15021999999996,32.693740000000275],[125.63021999999997,34.123740000000225],[151.11021999999997,33.793740000000184],[256.57021999999995,33.82374000000016],[256.68021999999996,33.53374000000019],[268.14021999999994,33.35374000000024],[276.4102199999999,33.39374000000021],[276.51021999999995,33.813740000000166],[277.9102199999999,41.19374000000016],[273.8602199999999,54.243740000000116],[273.8802199999999,60.03374000000008],[274.47021999999987,66.53374000000008],[277.37021999999985,72.09374000000003],[278.11021999999986,75.99374],[278.63021999999984,77.13373999999999],[282.05021999999985,80.54373999999996],[283.54021999999986,85.64373999999998],[283.60021999999987,91.94373999999993],[281.9502199999999,101.40373999999997],[282.1502199999999,109.45373999999993],[281.0302199999999,111.74373999999989],[277.6502199999999,114.76373999999987],[274.1902199999999,120.55373999999983],[271.1302199999999,127.3437399999998],[267.6402199999999,128.25373999999977],[266.6202199999999,129.42373999999973],[265.8502199999999,132.90373999999974],[264.9202199999999,132.3437399999998],[264.21021999999994,133.76373999999976],[261.39021999999994,134.55373999999972],[260.14021999999994,136.0737399999997],[259.12021999999996,136.47373999999968],[258.92022,138.15373999999963],[256.87021999999996,139.23373999999967],[255.53021999999996,140.59373999999968],[255.90021999999996,141.63373999999965],[255.54021999999995,142.65373999999963],[252.72021999999996,144.03373999999963],[251.88021999999995,145.26373999999964],[252.37021999999996,146.72373999999968],[250.56021999999996,147.53373999999963],[244.99021999999997,147.50373999999965],[240.29021999999998,148.36373999999967],[234.28021999999999,146.16373999999962],[233.14022,145.5537399999996],[231.99022,144.37373999999966],[231.51022,143.22373999999968],[228.07022,139.78373999999963],[225.49022,136.1837399999996],[224.32022,135.29373999999962],[220.55022,136.01373999999964],[215.57022,134.7037399999997],[214.46022,135.0737399999997],[208.46022,135.14373999999975],[205.51022,136.25373999999977],[202.13022,135.57373999999982],[199.90022000000002,136.00373999999977],[196.29022,133.51373999999976],[194.75022,133.5837399999998],[192.24022000000002,131.62373999999977],[191.02022000000002,131.07373999999982],[188.87022000000002,128.67373999999984],[187.62022000000002,128.2137399999998],[185.08022000000003,123.64373999999975],[183.53022,119.74373999999978],[180.47022,116.67373999999973],[179.72022,114.16373999999973],[176.98022,108.48373999999978],[174.01022,105.17373999999984],[172.32022,101.7237399999998],[171.19022,101.54373999999984],[166.41022,102.7137399999998],[165.44022,106.12373999999977],[163.26022,108.39373999999975],[162.15022,108.87373999999977],[153.78021999999999,111.12373999999977],[148.02022,112.25373999999977],[146.77022,111.80373999999972],[144.48022,111.6937399999997],[141.03022,112.59373999999968],[133.58022000000003,104.56373999999971],[127.89022000000001,101.68373999999972],[126.83022000000001,100.50373999999977],[120.29022,99.15373999999974],[119.23022,98.06373999999971],[117.92022,95.72373999999968],[116.55022,94.65373999999963],[115.45022,94.50373999999965],[114.39022,95.03373999999963],[112.62022,97.3137399999996],[111.49022000000001,97.9437399999996],[109.97022000000001,97.6837399999996],[103.88022000000001,89.40373999999963],[102.51022,88.3137399999996],[98.910218,86.65373999999963],[96.630218,85.91373999999962],[94.390218,87.37373999999966],[92.420218,89.86373999999967],[89.550218,92.25373999999965]]]},"properties":{"id":"AO-CNN"}},
{"type":"Feature","geometry":{"type":"Polygon","coordinates":[[[201.55022,334.7037399999996],[200.87022,333.5237399999994],[199.72021999999998,333.0237399999994],[190.38021999999998,331.5137399999994],[188.17021999999997,330.0137399999994],[184.56021999999996,329.24373999999943],[182.41021999999995,327.53373999999945],[182.03021999999996,323.83373999999947],[183.37021999999996,321.8737399999995],[183.52021999999997,319.5637399999995],[184.70021999999997,318.6737399999995],[184.03021999999999,317.2737399999995],[184.03021999999999,315.4237399999995],[182.83022,314.5637399999995],[183.73022,313.39373999999947],[182.84022000000002,309.8037399999995],[183.56022000000002,308.58373999999947],[179.85022,308.8037399999995],[178.12022000000002,306.7137399999995],[177.00022,306.0937399999995],[175.80022000000002,306.57373999999953],[173.27022000000002,305.04373999999956],[170.25022,304.68373999999955],[168.18022000000002,302.62373999999954],[165.75022,296.55373999999955],[165.58022000000003,288.94373999999954],[167.49022000000002,284.23373999999956],[166.85022000000004,283.18373999999955],[168.10022000000004,281.01373999999953],[167.20022000000003,279.69373999999954],[163.47022000000004,279.10373999999956],[160.98022000000003,277.99373999999955],[159.62022000000002,276.84373999999957],[159.18022000000002,275.60373999999956],[155.72022,273.75373999999954],[154.48022,272.63373999999953],[155.76022,270.1537399999995],[154.97022,269.1037399999995],[154.96022000000002,267.82373999999953],[156.83022000000003,264.0837399999995],[156.87022000000002,261.76373999999953],[160.42022000000003,255.76373999999953],[161.26022000000003,250.88373999999953],[159.97022000000004,247.29373999999956],[162.54022000000003,242.27373999999958],[163.59022000000004,241.03373999999957],[166.89022000000006,239.53373999999957],[167.06022000000004,238.4437399999996],[168.01022000000003,237.28373999999957],[170.11022000000003,236.43373999999955],[172.27022000000002,235.58373999999952],[174.49022000000002,236.4237399999995],[179.36022000000003,237.4137399999995],[180.45022000000003,236.9237399999995],[181.40022000000002,235.8037399999995],[182.49022000000002,233.4137399999995],[182.99022000000002,226.06373999999948],[183.59022000000002,224.9737399999995],[184.79022,224.52373999999952],[189.36022,224.7237399999995],[189.61022,223.2937399999995],[189.37022,218.3037399999995],[190.45022,218.1037399999995],[191.75022,218.46373999999952],[195.28022,220.4237399999995],[196.28022,221.4737399999995],[196.31022000000002,222.5337399999995],[197.08022000000003,223.6737399999995],[200.65022000000002,224.76373999999947],[201.78022,225.63373999999948],[204.52022000000002,229.13373999999948],[211.92022000000003,236.9237399999995],[214.21022000000002,236.7937399999995],[216.32022000000003,234.50373999999948],[217.56022000000004,234.0537399999995],[220.98022000000003,234.64373999999947],[223.37022000000002,238.42373999999944],[224.57022,239.47373999999945],[225.98022,239.82373999999948],[227.20022,240.00373999999948],[227.73022,238.71373999999946],[229.00022,238.06373999999948],[232.75022,239.2237399999995],[233.82022,239.13373999999953],[236.13022,238.07373999999953],[239.85022,238.6637399999995],[240.54022,245.6237399999995],[240.02022,247.1637399999995],[240.54022,248.7837399999995],[239.20022,255.51373999999953],[238.77022,261.01373999999953],[239.00021999999998,262.19373999999954],[238.59022,263.75373999999954],[238.82021999999998,269.19373999999954],[236.53021999999999,269.8437399999995],[231.91021999999998,272.4037399999995],[231.45021999999997,275.0237399999995],[230.43021999999996,276.12373999999954],[229.33021999999997,276.3937399999995],[228.77021999999997,277.62373999999954],[228.65021999999996,279.93373999999955],[232.23021999999997,282.26373999999953],[232.57021999999998,283.43373999999955],[233.12022,287.62373999999954],[232.73022,288.81373999999954],[231.44022,290.05373999999955],[231.36022,291.17373999999955],[230.53021999999999,292.41373999999956],[230.69021999999998,293.5737399999996],[231.91021999999998,295.1337399999996],[234.15022,296.3337399999996],[237.89022,299.4937399999996],[238.87022,301.2537399999996],[239.38021999999998,304.0837399999996],[241.21022,307.0737399999996],[242.37022,308.0437399999996],[242.66021999999998,309.8237399999996],[242.31022,311.5237399999996],[240.39022,313.73373999999956],[237.70022,315.86373999999955],[237.41022,318.2137399999996],[236.67022,319.55373999999955],[233.01022,321.4637399999996],[232.98022,322.9037399999996],[230.73022,324.1337399999996],[230.54022,325.1737399999996],[229.52022,326.1837399999996],[228.16021999999998,332.6837399999996],[223.55021999999997,332.3737399999996],[222.50021999999996,333.4637399999996],[221.36021999999997,333.67373999999955],[218.90021999999996,333.3337399999996],[216.67021999999997,335.2137399999996],[215.39021999999997,334.86373999999955],[213.30021999999997,332.87373999999954],[212.16021999999998,332.94373999999954],[208.55021999999997,332.16373999999956],[206.16021999999998,333.29373999999956],[204.94021999999998,333.0137399999996],[201.55022,334.7037399999996]]]},"properties":{"id":"AO-HUA"}},
{"type":"Feature","geometry":{"type":"Polygon","coordinates":[[[170.11022,236.4337399999996],[169.15022,231.99373999999938],[167.17022,232.0437399999994],[164.77022,231.0337399999994],[163.59022,229.92373999999938],[162.51021999999998,230.0237399999994],[161.46021999999996,230.92373999999938],[160.33021999999997,231.2237399999994],[158.86021999999997,230.1537399999994],[154.76021999999998,225.62373999999943],[149.86021999999997,223.85373999999945],[147.44021999999998,223.21373999999946],[141.12022,226.20373999999947],[140.06022,226.48373999999944],[138.84022,225.78373999999945],[138.99022,223.56373999999943],[137.86022,223.17373999999944],[132.99022,213.22373999999945],[131.89022,212.87373999999943],[130.56022,212.66373999999945],[125.94022,212.94373999999942],[122.12022,213.5337399999994],[119.72022,214.30373999999938],[117.30022,213.64373999999935],[113.93021999999999,215.19373999999937],[112.44022,215.42373999999938],[111.25022,215.2137399999994],[108.86022,213.68373999999943],[107.74022,213.68373999999943],[103.08022,214.4537399999994],[100.84022,216.2837399999994],[99.690218,216.4037399999994],[93.890218,214.0437399999994],[94.780218,211.31373999999937],[96.93021800000001,209.8537399999994],[97.280218,208.6637399999994],[96.970218,207.5337399999994],[94.780218,203.9537399999994],[94.34021800000001,202.37373999999943],[95.530218,200.01373999999942],[96.21021800000001,197.6037399999994],[95.40021800000001,195.0437399999994],[95.88021800000001,193.82373999999936],[97.04021800000001,193.02373999999935],[98.15021800000001,193.61373999999932],[99.310218,193.09373999999934],[98.910218,190.60373999999933],[99.400218,188.40373999999935],[99.590218,184.19373999999937],[96.840218,180.45373999999936],[96.570218,175.66373999999934],[94.100218,169.87373999999932],[91.17021799999999,167.84373999999934],[87.47021799999999,166.21373999999935],[83.88021799999999,163.42373999999938],[82.93021799999998,162.1537399999994],[80.56021799999998,161.7837399999994],[78.56021799999998,159.62373999999943],[78.56021799999998,158.22373999999945],[79.80021799999997,154.63373999999942],[77.75021799999998,152.22373999999945],[77.40021799999998,150.98373999999944],[80.32021799999998,147.5437399999994],[79.93021799999998,146.34373999999934],[76.25021799999998,144.23373999999933],[76.34021799999998,143.04373999999927],[77.46021799999998,142.0237399999993],[79.84021799999998,142.67373999999927],[81.27021799999999,142.3937399999993],[81.45021799999999,140.74373999999932],[81.100218,139.4037399999993],[82.140218,138.1437399999993],[83.300218,138.24373999999932],[84.520218,139.07373999999936],[85.040218,140.1537399999994],[86.410218,139.82373999999936],[87.170218,137.49373999999932],[86.520218,135.04373999999927],[87.260218,133.8937399999993],[89.61021799999999,132.04373999999927],[93.36021799999999,130.6337399999993],[93.05021799999999,118.46373999999935],[93.29021799999998,117.34373999999934],[95.67021799999998,113.70373999999936],[91.80021799999997,106.80373999999938],[89.96021799999997,102.1537399999994],[90.45021799999996,99.85373999999945],[92.44021799999996,96.19373999999948],[92.37021799999997,95.10373999999945],[91.27021799999997,94.0537399999995],[90.84021799999996,92.95373999999947],[89.55021799999996,92.25373999999942],[92.42021799999996,89.86373999999944],[94.39021799999996,87.37373999999943],[96.63021799999996,85.9137399999994],[98.91021799999996,86.6537399999994],[102.51021999999996,88.31373999999937],[103.88021999999997,89.4037399999994],[109.97021999999997,97.68373999999937],[111.49021999999997,97.94373999999937],[112.62021999999996,97.31373999999937],[114.39021999999996,95.0337399999994],[115.45021999999996,94.50373999999942],[116.55021999999995,94.6537399999994],[117.92021999999996,95.72373999999945],[119.23021999999996,98.06373999999948],[120.29021999999996,99.15373999999952],[126.83021999999997,100.50373999999954],[127.89021999999997,101.68373999999949],[133.58021999999997,104.56373999999948],[141.03021999999996,112.59373999999946],[144.48021999999995,111.69373999999948],[146.77021999999994,111.8037399999995],[148.02021999999994,112.25373999999954],[153.78021999999993,111.12373999999954],[162.15021999999993,108.87373999999954],[163.26021999999995,108.39373999999953],[165.44021999999995,106.12373999999954],[166.41021999999995,102.71373999999958],[171.19021999999995,101.54373999999962],[172.32021999999995,101.72373999999957],[174.01021999999995,105.17373999999961],[176.98021999999995,108.48373999999956],[179.72021999999996,114.1637399999995],[180.47021999999996,116.6737399999995],[183.53021999999996,119.74373999999955],[185.08021999999997,123.64373999999953],[187.62021999999996,128.21373999999958],[188.87021999999996,128.6737399999996],[191.02021999999997,131.0737399999996],[192.24021999999997,131.62373999999954],[194.75021999999996,133.58373999999958],[196.29021999999995,133.51373999999953],[199.90021999999996,136.00373999999954],[202.13021999999995,135.5737399999996],[205.51021999999995,136.25373999999954],[208.46021999999994,135.14373999999953],[214.46021999999994,135.07373999999948],[215.57021999999995,134.70373999999947],[220.55021999999994,136.01373999999942],[224.32021999999995,135.2937399999994],[225.49021999999994,136.18373999999937],[228.07021999999995,139.7837399999994],[231.51021999999995,143.22373999999945],[231.99021999999994,144.37373999999943],[233.14021999999994,145.55373999999938],[234.28021999999993,146.1637399999994],[240.29021999999992,148.36373999999944],[244.9902199999999,147.50373999999942],[250.5602199999999,147.5337399999994],[249.2002199999999,148.87373999999943],[248.15021999999988,150.70373999999947],[248.24021999999988,151.7837399999995],[248.93021999999988,152.50373999999954],[248.64021999999989,154.25373999999954],[246.90021999999988,155.98373999999956],[245.96021999999988,157.7937399999995],[245.89021999999989,159.59373999999946],[246.33021999999988,161.96373999999946],[245.6302199999999,164.69373999999948],[243.6302199999999,166.57373999999948],[244.3202199999999,168.9237399999995],[244.8102199999999,169.08373999999947],[244.8502199999999,169.5337399999995],[242.0702199999999,170.32373999999948],[242.61021999999988,170.98373999999944],[242.4202199999999,171.4337399999995],[241.2902199999999,171.5537399999995],[238.6502199999999,174.0437399999995],[238.5902199999999,178.6037399999995],[238.9602199999999,181.0337399999995],[238.51021999999992,182.63373999999953],[238.92021999999992,184.29373999999956],[237.4602199999999,187.59373999999957],[237.29021999999992,190.7537399999996],[236.60021999999992,192.79373999999962],[236.66021999999992,193.4437399999996],[237.51021999999992,193.9837399999996],[237.69021999999993,194.53373999999963],[238.41021999999992,198.76373999999964],[237.24021999999994,202.35373999999962],[237.88021999999992,204.41373999999962],[237.24021999999994,205.79373999999962],[237.05021999999994,206.3037399999996],[237.73021999999995,213.0637399999996],[237.09021999999996,215.8137399999996],[238.00021999999996,217.5637399999996],[238.13021999999995,219.8737399999996],[239.57021999999995,223.4237399999996],[239.98021999999995,227.91373999999962],[240.16021999999995,231.6937399999996],[239.27021999999997,235.58373999999958],[239.85021999999998,238.66373999999956],[236.13021999999998,238.0737399999996],[233.82021999999998,239.1337399999996],[232.75021999999998,239.22373999999957],[229.00021999999998,238.06373999999954],[227.73021999999997,238.71373999999952],[227.20021999999997,240.00373999999954],[225.98021999999997,239.82373999999953],[224.57021999999998,239.4737399999995],[223.37022,238.4237399999995],[220.98022,234.64373999999953],[217.56022000000002,234.05373999999955],[216.32022,234.50373999999954],[214.21022,236.79373999999956],[211.92022,236.92373999999955],[204.52022,229.13373999999953],[201.78021999999999,225.63373999999953],[200.65022,224.76373999999953],[197.08022,223.67373999999955],[196.31022,222.53373999999957],[196.28021999999999,221.47373999999957],[195.28021999999999,220.42373999999955],[191.75021999999998,218.46373999999958],[190.45021999999997,218.10373999999956],[189.37021999999996,218.30373999999955],[189.61021999999997,223.29373999999956],[189.36021999999997,224.72373999999957],[184.79021999999998,224.52373999999958],[183.59022,224.97373999999957],[182.99022,226.06373999999954],[182.49022,233.41373999999956],[181.40022,235.80373999999955],[180.45022,236.92373999999955],[179.36022,237.41373999999956],[174.49022,236.42373999999955],[172.27022,235.58373999999958],[170.11022,236.4337399999996]]]},"properties":{"id":"AO-HUI"}},
{"type":"Feature","geometry":{"type":"MultiPolygon","coordinates":[[[[71.990218,461.0837399999996],[71.99021800000001,461.0837399999996],[70.83021800000002,459.6037399999996],[70.93021800000001,459.01373999999964],[71.76021800000001,459.2037399999996],[72.140218,460.3637399999996],[71.990218,461.0837399999996]]],[[[73.300218,463.1937399999996],[73.30021800000002,463.1937399999996],[72.74021800000001,462.99373999999955],[68.15021800000001,458.34373999999957],[67.700218,457.29373999999956],[68.29021800000001,457.37373999999954],[68.97021800000002,458.6737399999996],[70.04021800000001,459.35373999999956],[70.420218,460.0537399999996],[70.87021800000001,460.11373999999955],[70.940218,460.6637399999996],[71.73021800000001,461.4937399999996],[72.780218,461.89373999999964],[72.750218,462.6237399999996],[73.820218,462.8337399999996],[73.300218,463.1937399999996]]],[[[89.210218,472.46373999999963],[89.21021800000001,472.4637399999996],[86.04021800000001,474.5337399999996],[86.30021800000002,472.5137399999996],[85.44021800000002,468.9637399999996],[84.82021800000001,468.2937399999996],[83.76021800000001,467.49373999999955],[80.66021800000001,468.49373999999955],[80.04021800000001,468.0837399999996],[79.780218,467.10373999999956],[79.04021800000001,466.4137399999996],[77.85021800000001,466.5337399999996],[77.43021800000001,465.8137399999996],[76.76021800000001,466.0437399999996],[76.35021800000001,465.6737399999996],[76.34021800000001,464.72373999999957],[75.79021800000001,464.4237399999996],[75.69021800000002,463.1937399999996],[73.57021800000001,460.8937399999996],[73.62021800000001,459.87373999999954],[73.07021800000001,458.48373999999956],[70.91021800000001,458.4037399999996],[70.27021800000001,456.73373999999956],[69.41021800000001,456.23373999999956],[68.38021800000001,453.7637399999996],[66.74021800000001,452.36373999999955],[66.55021800000002,451.1537399999996],[66.08021800000002,451.34373999999957],[66.41021800000001,451.8937399999996],[66.14021800000002,452.6937399999996],[65.93021800000002,453.0837399999996],[66.30021800000003,454.22373999999957],[65.90021800000002,454.5537399999996],[66.71021800000003,454.72373999999957],[66.42021800000002,455.0837399999996],[65.60021800000003,454.78373999999957],[65.56021800000002,451.5237399999996],[67.24021800000003,449.47373999999957],[68.31021800000002,447.09373999999957],[73.14021800000002,439.0537399999996],[73.71021800000001,439.4537399999996],[73.93021800000001,440.37373999999954],[74.85021800000001,440.03373999999957],[75.10021800000001,441.0237399999996],[75.50021800000002,441.28373999999957],[75.26021800000002,441.86373999999955],[75.90021800000002,442.0137399999996],[76.60021800000003,443.1737399999996],[76.56021800000002,443.6637399999996],[77.07021800000003,446.02373999999963],[78.16021800000003,447.13373999999965],[79.65021800000002,447.4737399999996],[81.20021800000002,448.88373999999965],[81.70021800000002,448.96373999999963],[83.81021800000002,447.9737399999996],[84.33021800000002,448.0937399999996],[84.77021800000001,447.49373999999966],[85.05021800000002,447.7237399999996],[84.96021800000001,448.75373999999965],[88.16021800000001,448.4137399999996],[88.75021800000002,448.02373999999963],[89.19021800000002,448.2937399999996],[88.77021800000001,452.96373999999963],[90.26021800000001,457.61373999999967],[91.76021800000001,458.71373999999963],[91.74021800000001,461.46373999999963],[92.15021800000001,461.9437399999996],[95.610218,463.49373999999966],[97.020218,463.5637399999996],[96.980218,464.15373999999963],[91.490218,473.7937399999996],[89.210218,472.46373999999963]]]]},"properties":{"id":"AO-LUA"}},
{"type":"Feature","geometry":{"type":"Polygon","coordinates":[[[434.13022,559.6137399999996],[426.50021999999973,559.60374],[425.74021999999974,555.41374],[388.3802199999997,555.34374],[388.55021999999974,553.82374],[389.31021999999973,552.48374],[387.86021999999974,550.96374],[386.00021999999973,546.5437400000001],[386.47021999999976,544.99374],[385.59021999999976,539.84374],[386.3902199999998,537.77374],[385.9402199999998,537.15374],[387.2502199999998,534.35374],[387.84021999999976,534.00374],[387.52021999999977,533.36374],[388.4302199999998,532.75374],[388.71021999999977,532.01374],[387.30021999999974,531.92374],[386.80021999999974,531.16374],[385.52021999999977,530.50374],[385.92021999999974,529.00374],[384.92021999999974,527.33374],[380.35021999999975,527.23374],[380.30021999999974,526.81374],[379.74021999999974,526.5337400000001],[380.1902199999997,524.85374],[381.18021999999974,523.17374],[381.75021999999973,520.70374],[381.3302199999997,520.06374],[380.6302199999997,516.66374],[379.4002199999997,515.21374],[379.5302199999997,512.7737400000001],[379.0702199999997,512.50374],[379.12021999999973,511.88374],[378.48021999999975,510.89374],[379.15021999999976,510.23374],[379.96021999999977,506.14374],[351.72021999999976,505.91374],[350.6302199999998,507.71374000000003],[350.8902199999998,508.01374000000004],[350.7002199999998,509.79374000000007],[338.5102199999998,509.85374],[338.6802199999998,507.89374000000004],[338.27021999999977,505.9137400000001],[331.55021999999974,505.9137400000001],[331.91021999999975,505.26374000000004],[330.79021999999975,504.56374000000005],[330.2602199999998,504.85374],[329.72021999999976,504.60374],[328.36021999999974,505.2837400000001],[328.0102199999997,505.04374000000007],[327.2702199999997,505.23374],[327.0502199999997,505.9137400000001],[327.44021999999967,506.22374],[326.76021999999966,506.50374000000005],[325.15021999999965,506.21374000000003],[322.97021999999964,506.43374000000006],[319.82021999999967,505.49374000000006],[318.9302199999997,504.19374000000005],[317.1102199999997,503.92374000000007],[316.5802199999997,502.55374000000006],[317.37021999999973,501.59374],[317.22021999999976,501.01374],[312.27021999999977,501.08374000000003],[311.3802199999998,500.34374],[309.3002199999998,501.84374],[306.6002199999998,502.01374],[303.6502199999998,501.39374],[302.25021999999984,500.43373999999994],[298.5202199999998,501.12374],[296.75021999999984,500.89374],[293.11021999999986,499.56373999999994],[290.5902199999999,499.61374],[289.37021999999985,500.57374],[288.8402199999999,499.12374],[288.9602199999999,498.58374000000003],[289.5102199999999,498.47374],[290.3802199999999,497.30374],[290.4402199999999,496.73374],[289.6702199999999,496.10374],[289.9702199999999,495.11374],[289.8102199999999,493.96374000000003],[290.5202199999999,489.29374],[291.2602199999999,488.47374],[289.5502199999999,486.28374],[288.8502199999999,482.86374],[290.07021999999995,478.95374000000004],[292.34021999999993,477.49374],[292.03021999999993,475.25374],[292.65021999999993,472.95374000000004],[292.07021999999995,470.82374000000004],[292.52021999999994,467.57374000000004],[292.39021999999994,465.46374000000003],[290.9202199999999,457.65373999999997],[291.4202199999999,456.44374],[291.65021999999993,454.13374],[292.6002199999999,451.72374],[292.3102199999999,450.63374],[290.6202199999999,448.27374],[290.6902199999999,445.96374],[289.6702199999999,444.61374],[287.4402199999999,444.27374],[281.5602199999999,442.05373999999995],[279.2602199999999,440.12374],[279.5002199999999,437.77374],[280.5402199999999,436.69373999999993],[280.9102199999999,434.36373999999995],[281.9902199999999,433.31373999999994],[283.1402199999999,431.04373999999996],[283.5302199999999,428.7737399999999],[283.0902199999999,427.5937399999999],[283.79021999999986,426.4837399999999],[286.16021999999987,426.0037399999999],[286.87021999999985,423.7937399999999],[287.95021999999983,422.9937399999999],[292.39021999999983,421.8537399999999],[292.7902199999998,420.6937399999999],[293.8102199999998,419.5737399999999],[293.6302199999998,417.3237399999999],[294.4402199999998,416.2437399999999],[298.1202199999998,416.8037399999999],[302.8602199999998,414.5737399999999],[304.5002199999998,409.3037399999999],[305.4302199999998,408.20373999999987],[306.8802199999998,407.84373999999985],[307.1802199999998,406.14373999999987],[309.2402199999998,403.08373999999986],[309.27021999999977,402.11373999999984],[308.47021999999976,401.0137399999998],[308.67021999999974,400.5437399999998],[308.33021999999977,399.4237399999998],[308.65021999999976,398.56373999999977],[309.8702199999998,397.9337399999998],[310.9802199999998,395.00373999999977],[312.0202199999998,394.45373999999975],[312.9102199999998,392.9337399999998],[313.6602199999998,392.2937399999998],[315.9002199999998,391.4937399999998],[315.9302199999998,390.0437399999998],[310.8702199999998,385.38373999999976],[311.0302199999998,384.58373999999975],[313.0302199999998,382.4837399999997],[313.0202199999998,381.4237399999997],[314.18021999999985,380.9537399999997],[316.38021999999984,380.8637399999997],[317.43021999999985,380.3637399999997],[320.7702199999998,377.96373999999975],[321.9202199999998,376.58373999999975],[323.1002199999998,376.3637399999997],[327.6002199999998,373.4837399999997],[328.6702199999998,373.33373999999975],[334.6702199999998,373.81373999999977],[335.8502199999998,376.20373999999975],[335.20021999999983,377.44373999999976],[334.12021999999985,378.08373999999975],[333.75021999999984,379.28373999999974],[335.0902199999998,381.52373999999975],[337.3502199999998,382.31373999999977],[338.6802199999998,383.26373999999976],[337.4202199999998,384.29373999999973],[336.1702199999998,384.3237399999997],[336.1002199999998,384.7237399999997],[336.9102199999998,385.30373999999966],[335.9902199999998,385.76373999999964],[335.52021999999977,386.69373999999965],[336.6202199999998,386.95373999999964],[344.8202199999998,386.31373999999965],[345.9202199999998,386.74373999999966],[351.8502199999998,389.33373999999964],[355.5502199999998,393.7337399999996],[356.6302199999998,394.20373999999964],[363.7602199999998,394.8537399999996],[366.3202199999998,395.82373999999965],[370.0002199999998,397.6637399999996],[373.21021999999977,401.1037399999996],[378.86021999999974,402.51373999999964],[383.80021999999974,406.73373999999967],[385.11021999999974,407.25373999999965],[389.06021999999973,407.2837399999996],[390.1302199999997,407.5937399999996],[393.67021999999974,410.63373999999965],[395.10021999999975,411.25373999999965],[401.77021999999977,412.31373999999965],[402.9902199999998,413.23373999999967],[406.4602199999998,416.9537399999997],[408.0402199999998,419.2637399999997],[408.64021999999983,420.7937399999997],[410.30021999999985,433.24373999999966],[416.13021999999984,438.62373999999966],[421.45021999999983,442.8437399999997],[422.61021999999986,443.40373999999963],[427.50021999999984,443.67373999999967],[428.57021999999984,444.4437399999997],[429.4702199999998,445.5337399999997],[429.7302199999998,447.6637399999997],[431.1602199999998,451.13373999999965],[432.4102199999998,451.8437399999997],[436.01021999999983,452.2937399999997],[437.37021999999985,453.6037399999997],[439.91021999999987,455.25373999999965],[443.5802199999999,455.73373999999967],[445.9402199999999,457.0837399999997],[447.8902199999999,463.30373999999966],[451.1302199999999,468.49373999999966],[452.1902199999999,469.50373999999965],[455.9502199999999,471.2837399999996],[456.9202199999999,473.49373999999966],[461.5002199999999,475.9137399999996],[463.6202199999999,475.82373999999965],[465.1002199999999,476.18373999999966],[467.8102199999999,477.74373999999966],[471.3202199999999,477.31373999999965],[472.41021999999987,478.12373999999966],[473.7802199999999,478.38373999999965],[478.60021999999987,477.1637399999996],[488.04021999999986,478.82373999999965],[490.25021999999984,482.27373999999963],[491.38021999999984,483.12373999999966],[496.1602199999998,484.89373999999964],[498.76021999999983,484.25373999999965],[499.8302199999998,484.48373999999967],[502.07021999999984,488.14373999999964],[504.80021999999985,489.4337399999996],[506.00021999999984,490.37373999999966],[504.35021999999987,491.51373999999964],[504.3402199999999,493.1837399999996],[503.4502199999999,496.15373999999963],[503.9502199999999,496.6637399999996],[503.8802199999999,497.2537399999996],[502.3102199999999,498.7937399999996],[500.3002199999999,503.1337399999996],[499.02021999999994,504.3737399999996],[498.19021999999995,505.89373999999964],[497.63021999999995,507.89373999999964],[496.92022,508.9437399999996],[496.92022,509.4737399999996],[498.04022,510.49373999999966],[498.16022,511.1737399999996],[497.74021999999997,513.5637399999996],[497.85022,514.2637399999996],[498.52022,514.9537399999996],[498.03022,516.9237399999996],[498.80021999999997,517.7837399999996],[498.92022,518.7437399999997],[499.39022,519.2237399999997],[500.15022,521.6237399999997],[500.12022,522.6337399999996],[500.78022000000004,523.0637399999996],[501.00022000000007,524.5937399999996],[501.96022000000005,525.4437399999996],[501.71022000000005,526.5237399999996],[502.15022000000005,527.0237399999996],[502.24022,527.8137399999996],[501.40022000000005,529.6437399999996],[502.42022000000003,531.8637399999997],[501.73022000000003,532.6537399999996],[502.35022000000004,533.4737399999997],[502.25022,534.2637399999996],[501.03022,535.4237399999996],[501.50022,536.2737399999996],[500.58022,539.1437399999996],[498.98022,540.3637399999996],[498.65022,541.3037399999996],[437.57022,541.4237399999996],[437.31022,544.4937399999997],[437.67022000000003,548.2037399999996],[438.06022,549.7537399999997],[439.23022000000003,551.8837399999996],[439.93022,555.0137399999996],[441.36022,556.5237399999996],[441.79022000000003,559.5837399999996],[434.13022,559.6137399999996]]]},"properties":{"id":"AO-LNO"}},
{"type":"Feature","geometry":{"type":"Polygon","coordinates":[[[506.65022,484.8137399999996],[505.4302199999996,486.9337399999995],[505.4902199999996,488.2737399999995],[506.3802199999996,489.51373999999953],[506.0002199999996,490.37373999999954],[504.8002199999996,489.4337399999995],[502.0702199999996,488.1437399999995],[499.8302199999996,484.48373999999956],[498.7602199999996,484.25373999999954],[496.1602199999996,484.8937399999995],[491.3802199999996,483.12373999999954],[490.2502199999996,482.2737399999995],[488.04021999999964,478.82373999999953],[478.60021999999964,477.1637399999995],[473.78021999999964,478.38373999999953],[472.41021999999964,478.12373999999954],[471.32021999999967,477.31373999999954],[467.8102199999997,477.74373999999955],[465.1002199999997,476.18373999999955],[463.6202199999997,475.82373999999953],[461.5002199999997,475.9137399999995],[456.9202199999997,473.49373999999955],[455.95021999999966,471.2837399999995],[452.19021999999967,469.50373999999954],[451.13021999999967,468.49373999999955],[447.89021999999966,463.30373999999955],[445.94021999999967,457.0837399999996],[443.58021999999966,455.73373999999956],[439.91021999999964,455.25373999999954],[437.3702199999996,453.60373999999956],[436.0102199999996,452.29373999999956],[432.4102199999996,451.84373999999957],[431.1602199999996,451.13373999999953],[429.7302199999996,447.66373999999956],[429.4702199999996,445.53373999999957],[428.5702199999996,444.4437399999996],[427.5002199999996,443.67373999999955],[422.61021999999963,443.4037399999995],[421.4502199999996,442.84373999999957],[416.1302199999996,438.62373999999954],[410.3002199999996,433.24373999999955],[408.6402199999996,420.79373999999956],[408.0402199999996,419.2637399999996],[406.4602199999996,416.9537399999996],[402.99021999999957,413.23373999999956],[401.77021999999954,412.31373999999954],[395.1002199999995,411.25373999999954],[393.6702199999995,410.63373999999953],[390.1302199999995,407.5937399999995],[389.0602199999995,407.2837399999995],[385.1102199999995,407.25373999999954],[383.8002199999995,406.73373999999956],[378.8602199999995,402.51373999999953],[373.21021999999954,401.1037399999995],[370.00021999999956,397.6637399999995],[366.32021999999955,395.82373999999953],[363.76021999999955,394.8537399999995],[356.63021999999955,394.2037399999995],[355.55021999999957,393.7337399999995],[351.8502199999996,389.3337399999995],[345.9202199999996,386.74373999999955],[344.82021999999955,386.31373999999954],[336.62021999999956,386.9537399999995],[335.52021999999954,386.69373999999954],[335.99021999999957,385.76373999999953],[336.9102199999996,385.30373999999955],[336.1002199999996,384.72373999999957],[336.1702199999996,384.3237399999996],[337.4202199999996,384.2937399999996],[338.68021999999957,383.26373999999964],[339.46021999999954,382.92373999999967],[339.77021999999954,380.70373999999964],[340.63021999999955,380.7237399999996],[340.8502199999996,379.5937399999996],[341.1702199999996,379.96373999999963],[341.74021999999957,379.1637399999996],[343.1502199999996,378.52373999999963],[343.7502199999996,379.3037399999996],[344.0102199999996,378.21373999999963],[345.1602199999996,377.2937399999996],[344.5302199999996,376.65373999999963],[345.4602199999996,376.20373999999964],[344.74021999999957,375.89373999999964],[344.75021999999956,374.90373999999963],[343.89021999999954,374.4737399999996],[344.52021999999954,373.19373999999965],[343.02021999999954,373.48373999999967],[342.31021999999956,372.80373999999966],[342.7202199999996,371.95373999999964],[342.8802199999996,368.93373999999966],[344.7802199999996,364.6537399999997],[346.2102199999996,363.36373999999967],[347.6202199999996,362.6537399999997],[349.35021999999964,360.93373999999966],[350.10021999999964,358.3437399999997],[356.35021999999964,354.9737399999997],[362.09021999999965,351.3337399999997],[366.0002199999997,346.7437399999997],[368.5502199999997,346.2737399999997],[370.8102199999997,346.3137399999997],[372.0402199999997,345.7037399999997],[373.5602199999997,343.3537399999997],[373.76021999999966,342.24373999999966],[372.0002199999997,339.80373999999966],[372.08021999999966,338.48373999999967],[371.20021999999966,337.26373999999964],[370.9202199999997,334.15373999999963],[373.7402199999997,335.0337399999996],[374.58021999999966,336.26373999999964],[375.45021999999966,336.76373999999964],[376.76021999999966,336.82373999999965],[380.04021999999964,336.01373999999964],[381.15021999999965,336.2837399999996],[382.6802199999996,337.4737399999996],[384.3102199999996,337.89373999999964],[386.23021999999963,339.46373999999963],[388.36021999999963,341.46373999999963],[389.1802199999996,343.4137399999996],[390.7102199999996,344.2537399999996],[392.4402199999996,344.1637399999996],[394.42021999999963,342.6937399999996],[397.3102199999996,341.4637399999996],[400.6302199999996,342.2537399999996],[401.4402199999996,343.5137399999996],[403.1502199999996,344.3637399999996],[403.8302199999996,343.6637399999996],[404.8702199999996,343.65373999999963],[405.85021999999964,341.89373999999964],[407.02021999999965,341.7837399999996],[407.9902199999997,342.1837399999996],[409.0502199999997,343.8937399999996],[410.6702199999997,343.5537399999996],[412.1202199999997,344.1037399999996],[414.08021999999966,342.7437399999996],[415.71021999999965,342.7537399999996],[418.86021999999963,346.4737399999996],[419.92021999999963,346.7337399999996],[420.58021999999966,346.0137399999996],[422.09021999999965,345.4037399999996],[422.67021999999963,344.61373999999955],[423.15021999999965,344.4037399999996],[424.19021999999967,344.67373999999955],[425.6002199999997,344.04373999999956],[426.5202199999997,342.8937399999996],[427.74021999999974,342.78373999999957],[428.6302199999997,342.29373999999956],[429.9102199999997,343.07373999999953],[431.0202199999997,343.17373999999955],[433.6302199999997,341.7037399999995],[435.37021999999973,340.00373999999954],[436.86021999999974,339.44373999999954],[437.90021999999976,339.7737399999995],[438.4502199999998,339.6037399999995],[439.27021999999977,338.3537399999995],[440.6802199999998,337.6937399999995],[441.8602199999998,337.8137399999995],[444.2902199999998,336.15373999999946],[445.1702199999998,336.52373999999946],[446.3502199999998,336.3737399999995],[447.3602199999998,334.65373999999946],[448.8502199999998,335.05373999999944],[450.1602199999998,334.29373999999945],[452.0902199999998,333.83373999999947],[453.9302199999998,333.98373999999944],[454.7502199999998,333.45373999999947],[455.6902199999998,333.83373999999947],[460.9102199999998,332.9437399999995],[461.88021999999984,333.34373999999946],[462.23021999999986,334.23373999999944],[461.7102199999999,335.09373999999946],[461.55021999999985,336.30373999999944],[462.63021999999984,336.4437399999994],[464.7102199999998,337.8337399999994],[465.6702199999998,337.4837399999994],[467.5802199999998,338.19373999999937],[468.87021999999985,340.3637399999994],[469.87021999999985,340.6537399999994],[470.85021999999987,341.6537399999994],[470.88021999999984,342.5837399999994],[471.44021999999984,343.2137399999994],[474.3402199999998,343.6537399999994],[477.51021999999983,345.3337399999994],[479.7202199999998,345.6437399999994],[479.7202199999998,346.0337399999994],[480.69021999999984,346.6437399999994],[481.69021999999984,346.4637399999994],[482.62021999999985,346.9137399999994],[483.60021999999987,346.8037399999994],[484.54021999999986,348.5437399999994],[485.9502199999999,348.3037399999994],[486.1302199999999,348.81373999999937],[486.7002199999999,348.09373999999934],[488.8802199999999,347.77373999999935],[489.5802199999999,348.38373999999936],[491.61021999999986,348.82373999999936],[491.82021999999984,349.31373999999937],[494.56021999999984,350.02373999999935],[494.7102199999998,352.00373999999937],[494.3302199999998,352.9337399999994],[494.64021999999983,353.9337399999994],[493.57021999999984,354.00373999999937],[492.20021999999983,356.7237399999994],[492.2702199999998,357.3437399999994],[492.9002199999998,358.0937399999994],[493.2302199999998,362.3437399999994],[495.1102199999998,364.5437399999994],[496.8102199999998,365.63373999999936],[496.71021999999977,368.72373999999934],[497.27021999999977,371.59373999999934],[498.60021999999975,374.40373999999935],[499.92021999999974,375.8037399999993],[502.8902199999998,376.04373999999933],[504.34021999999976,375.41373999999934],[511.48021999999975,375.60373999999933],[513.6602199999998,377.5537399999993],[514.6602199999998,377.23373999999933],[516.4902199999998,377.40373999999935],[519.0802199999998,376.6837399999993],[520.7802199999999,375.6137399999993],[523.0602199999998,375.58373999999935],[525.0802199999998,376.4337399999994],[525.0102199999998,379.8537399999994],[523.1602199999998,381.0337399999994],[523.1702199999997,381.4237399999994],[523.9002199999998,381.9637399999994],[524.0602199999997,383.4937399999994],[525.3902199999998,385.81373999999937],[525.6402199999998,387.56373999999937],[524.6002199999998,390.4237399999994],[523.3802199999998,391.7137399999994],[523.5702199999998,392.5737399999994],[523.2802199999999,393.7537399999994],[521.1202199999999,396.3137399999994],[521.0902199999999,397.60373999999945],[520.45022,398.83373999999947],[520.56022,403.20373999999947],[519.95022,404.91373999999945],[520.2502199999999,405.6337399999995],[519.2402199999999,406.78373999999945],[519.7602199999999,407.3837399999995],[518.8002199999999,409.3537399999995],[518.9002199999999,410.3637399999995],[517.0002199999999,412.1237399999995],[515.8902199999999,411.9937399999995],[515.2202199999999,412.9337399999995],[514.19022,412.4037399999995],[513.07022,412.82373999999953],[511.6702199999999,414.86373999999955],[510.7202199999999,414.92373999999955],[510.08021999999994,415.8937399999996],[509.58021999999994,417.4437399999996],[509.64021999999994,419.0737399999996],[508.80021999999997,418.3637399999996],[508.32021999999995,418.4537399999996],[507.79022,420.1137399999996],[506.50021999999996,421.02373999999963],[506.23022,422.3037399999996],[503.35022,423.9737399999996],[503.45022,424.5637399999996],[503.10022,425.0837399999996],[503.33022,425.8737399999996],[502.89022,426.7237399999996],[502.97022,428.3137399999996],[501.09022,431.7137399999996],[501.33022,433.3237399999996],[499.26022,435.5337399999996],[499.72022,436.3237399999996],[500.36021999999997,439.65373999999963],[501.04022,440.34373999999957],[501.18021999999996,441.8137399999996],[502.72022,445.1337399999996],[502.62021999999996,447.85373999999956],[501.76021999999995,450.48373999999956],[501.75021999999996,453.0137399999996],[502.67022,453.8337399999996],[502.10022,455.2637399999996],[502.88021999999995,460.0237399999996],[502.65021999999993,460.87373999999954],[503.1002199999999,462.11373999999955],[502.9802199999999,462.9237399999996],[503.71021999999994,464.2637399999996],[503.6002199999999,464.74373999999955],[504.76021999999995,467.9637399999996],[504.4702199999999,470.3237399999996],[505.34021999999993,472.6237399999996],[505.21021999999994,473.8637399999996],[506.33021999999994,475.5337399999996],[505.65021999999993,476.2137399999996],[506.76021999999995,477.9437399999996],[506.63021999999995,479.65373999999963],[507.49021999999997,481.3237399999996],[506.65022,484.8137399999996]]]},"properties":{"id":"AO-LSU"}},
{"type":"Feature","geometry":{"type":"Polygon","coordinates":[[[257.60022000000004,525.5037399999997],[254.31022000000002,526.1537399999996],[252.14022000000003,528.0037399999997],[248.20022000000003,533.6737399999996],[247.16022000000004,534.6237399999997],[245.77022000000005,538.2737399999996],[244.66022000000004,539.1137399999997],[242.50022000000004,539.5337399999996],[233.30022000000005,536.1337399999996],[231.20022000000006,534.5937399999996],[230.09022000000004,532.3037399999996],[227.73022000000003,528.9637399999997],[226.49022000000002,528.2537399999997],[225.35022000000004,528.0737399999996],[224.32022000000003,526.9037399999996],[223.12022000000005,526.4437399999996],[220.94022000000004,526.7637399999996],[219.43022000000005,526.5737399999996],[216.57022000000003,525.1737399999996],[216.55022000000002,522.6537399999996],[219.78022,513.2037399999996],[220.60022,508.3237399999996],[220.51022,507.1737399999996],[219.09022000000002,505.0637399999996],[218.93022000000002,502.2437399999996],[218.26022000000003,499.9837399999996],[216.31022000000004,497.8437399999996],[215.23022000000003,497.25373999999965],[212.90022000000002,497.38373999999965],[211.66022,496.8037399999996],[210.75022,495.5637399999996],[209.50022,494.7137399999996],[204.07022,495.5037399999996],[203.9602200000006,492.82373999999965],[204.6102200000006,491.49373999999966],[204.3502200000006,489.45373999999964],[204.96022000000062,488.69373999999965],[204.64022000000062,487.2937399999996],[205.32022000000063,486.33373999999964],[204.00022000000064,484.7937399999996],[197.61022000000065,483.21373999999963],[197.87022000000064,480.99373999999966],[194.61022000000065,476.37373999999966],[195.98022000000066,473.50373999999965],[197.06022000000067,472.77373999999963],[199.52022000000068,472.61373999999967],[200.59022000000067,470.1637399999996],[199.13022000000066,467.9137399999996],[197.32022000000066,462.23373999999967],[196.74022000000065,457.5437399999996],[195.93022000000065,455.3437399999997],[196.50022000000064,451.8537399999997],[196.09022000000064,448.89373999999964],[194.41022000000063,447.7837399999996],[191.95022000000063,447.87373999999966],[191.02022000000062,447.51373999999964],[190.0902200000006,447.5437399999996],[188.8802200000006,448.4237399999996],[188.2602200000006,448.4437399999996],[186.2802200000006,447.02373999999963],[184.5602200000006,446.9237399999996],[183.15022000000062,445.5537399999996],[182.2202200000006,445.14373999999964],[179.8102200000006,445.1737399999996],[178.30022000000062,444.63373999999965],[176.92022000000063,443.2937399999996],[176.44022000000064,441.71373999999963],[176.19022000000064,438.6037399999996],[173.40022000000064,438.0937399999996],[171.66022000000063,438.4137399999996],[170.10022000000063,437.8037399999996],[172.99022000000062,435.7137399999996],[173.55022000000062,433.3137399999996],[170.11022000000062,430.2837399999996],[170.22022000000064,429.22373999999957],[171.37022000000064,428.3837399999996],[172.06022000000064,427.2637399999996],[172.66022000000063,423.7337399999996],[172.36022000000062,422.6837399999996],[169.7502200000006,420.40373999999963],[170.5002200000006,419.44373999999965],[171.4802200000006,419.0437399999997],[172.4802200000006,417.99373999999966],[173.4502200000006,417.9637399999997],[174.9302200000006,416.74373999999966],[177.0202200000006,416.45373999999964],[178.16022000000058,416.68373999999966],[179.07022000000057,416.21373999999963],[181.10022000000058,416.1737399999996],[182.82022000000057,416.27373999999963],[185.32022000000057,417.26373999999964],[187.52022000000056,417.68373999999966],[189.68022000000056,417.43373999999966],[191.94022000000055,417.96373999999963],[193.10022000000055,417.68373999999966],[195.41022000000055,418.14373999999964],[198.76022000000054,417.52373999999963],[202.37022000000056,417.74373999999966],[204.65022000000056,420.9037399999997],[205.88022000000055,421.0437399999997],[209.32022000000055,420.0337399999997],[214.22022000000055,420.7137399999997],[217.64022000000054,419.9437399999997],[222.89022000000054,419.3937399999997],[224.70022000000054,417.1937399999997],[225.44022000000055,414.85373999999973],[226.48022000000054,414.01373999999976],[228.62022000000053,413.09373999999974],[229.49022000000053,411.9237399999997],[229.08022000000054,408.8837399999997],[231.19022000000055,406.1737399999997],[231.50022000000055,403.08373999999975],[232.79022000000055,400.4337399999998],[232.49022000000053,399.6737399999998],[230.49022000000053,398.1737399999998],[230.14022000000054,397.19373999999976],[230.77022000000053,393.40373999999974],[231.55022000000054,392.83373999999975],[233.37022000000053,392.63373999999976],[234.65022000000053,391.20373999999975],[235.01022000000054,390.1737399999998],[235.86022000000054,389.63373999999976],[235.63022000000055,387.16373999999973],[235.91022000000055,386.1737399999997],[237.94022000000055,385.5737399999997],[239.01022000000054,383.8737399999997],[241.15022000000053,381.2337399999997],[242.37022000000053,380.34373999999974],[243.68022000000053,378.3637399999997],[245.04022000000055,377.5137399999997],[245.23022000000054,376.9937399999997],[244.36022000000054,376.5037399999997],[244.18022000000053,375.9837399999997],[244.63022000000052,374.39373999999975],[246.1102200000005,374.13373999999976],[246.5202200000005,372.65373999999974],[249.1602200000005,371.76373999999976],[252.08022000000048,368.52373999999975],[254.33022000000048,368.20373999999975],[257.6102200000005,368.88373999999976],[261.7402200000005,368.15373999999974],[264.75022000000047,366.9937399999997],[267.06022000000047,365.2037399999997],[268.0402200000005,364.8437399999997],[268.7302200000005,366.2037399999997],[270.9702200000005,366.2137399999997],[271.31022000000047,364.5637399999997],[274.2202200000005,363.5837399999997],[277.3002200000005,363.7637399999997],[278.6102200000005,362.3337399999997],[281.38022000000046,360.2537399999997],[281.88022000000046,359.35373999999973],[281.9902200000005,356.3637399999997],[283.52022000000045,355.10373999999973],[284.04022000000043,353.59373999999974],[285.0602200000004,352.53373999999974],[285.5502200000004,350.94373999999976],[285.0802200000004,348.03373999999974],[283.42022000000037,347.65373999999974],[282.99022000000036,346.69373999999976],[281.9802200000004,346.33373999999975],[282.17022000000037,345.85373999999973],[283.5802200000004,345.1737399999997],[285.2402200000004,345.2537399999997],[285.6202200000004,344.9337399999997],[285.6502200000004,343.2437399999997],[286.2602200000004,341.1437399999997],[288.7902200000004,337.48373999999967],[288.30022000000037,335.2237399999997],[287.2702200000004,334.18373999999966],[287.11022000000037,332.70373999999964],[287.45022000000034,332.3437399999996],[288.75022000000035,333.08373999999964],[289.15022000000033,332.15373999999963],[287.4702200000003,331.0437399999996],[286.7402200000003,329.6837399999996],[286.8202200000003,328.5137399999996],[287.9502200000003,326.8737399999996],[288.6702200000003,324.8637399999996],[287.5502200000003,322.5437399999996],[287.8202200000003,322.1237399999996],[290.2002200000003,321.7337399999996],[291.28022000000027,320.5537399999996],[292.24022000000025,320.15373999999963],[292.95022000000023,320.7937399999996],[295.13022000000024,321.0437399999996],[296.12022000000024,322.08373999999964],[296.45022000000023,323.25373999999965],[297.6002200000002,323.8437399999996],[298.7102200000002,323.8637399999996],[299.8002200000002,325.0137399999996],[299.9302200000002,326.0737399999996],[304.6302200000002,330.0837399999996],[304.96022000000016,331.5537399999996],[304.6802200000002,335.5137399999996],[303.8802200000002,338.9037399999996],[306.6002200000002,336.55373999999955],[307.6702200000002,334.19373999999954],[307.5602200000002,331.76373999999953],[308.0602200000002,330.8937399999995],[310.33022000000017,330.4737399999995],[312.5002200000002,330.9937399999995],[313.3802200000002,330.4937399999995],[313.78022000000016,329.5337399999995],[314.64022000000017,328.9937399999995],[316.4502200000002,329.9337399999995],[319.9402200000002,329.2537399999995],[326.2602200000002,330.84373999999946],[328.7602200000002,329.74373999999943],[329.96022000000016,329.99373999999943],[332.4502200000002,329.67373999999944],[333.53022000000016,329.96373999999946],[334.61022000000014,330.8137399999995],[338.65022000000016,334.9937399999995],[342.79022000000015,336.9237399999995],[349.0702200000001,338.8237399999995],[351.29022000000015,338.66373999999945],[352.3802200000001,338.1337399999995],[353.5302200000001,338.3537399999995],[354.0602200000001,339.4137399999995],[353.39022000000006,341.13373999999953],[353.41022000000004,342.38373999999953],[352.12022,343.8337399999995],[350.75022,344.5437399999995],[350.23022000000003,345.4037399999995],[351.23022000000003,349.25373999999954],[349.81022,351.26373999999953],[349.42022000000003,353.63373999999953],[349.74022,355.9637399999995],[350.48022000000003,357.2937399999995],[350.10022000000004,358.3437399999995],[349.35022000000004,360.9337399999995],[347.62022,362.6537399999995],[346.21022,363.3637399999995],[344.78022,364.6537399999995],[342.88022,368.9337399999995],[342.72022,371.95373999999947],[342.31021999999996,372.8037399999995],[343.02021999999994,373.4837399999995],[344.52021999999994,373.1937399999995],[343.89021999999994,374.47373999999945],[344.75021999999996,374.90373999999946],[344.74021999999997,375.89373999999947],[345.46022,376.20373999999947],[344.53022,376.65373999999946],[345.16022,377.29373999999945],[344.01022,378.21373999999946],[343.75022,379.30373999999944],[343.15022,378.52373999999946],[341.74021999999997,379.16373999999945],[341.17022,379.96373999999946],[340.85022,379.59373999999946],[340.63021999999995,380.72373999999945],[339.77021999999994,380.70373999999947],[339.46021999999994,382.9237399999995],[338.68021999999996,383.2637399999995],[337.35022,382.3137399999995],[335.09022,381.52373999999946],[333.75022,379.28373999999945],[334.12022,378.08373999999947],[335.20022,377.4437399999995],[335.85022,376.20373999999947],[334.67022,373.8137399999995],[328.67022,373.33373999999947],[327.60022,373.48373999999944],[323.10022,376.36373999999944],[321.92022,376.58373999999947],[320.77022,377.96373999999946],[317.43022,380.36373999999944],[316.38022,380.86373999999944],[314.18022,380.9537399999994],[313.02022,381.42373999999944],[313.03022,382.48373999999944],[311.03022,384.58373999999947],[310.87021999999996,385.3837399999995],[315.93021999999996,390.0437399999995],[315.90022,391.4937399999995],[313.66022,392.2937399999995],[312.91022,392.9337399999995],[312.02022,394.45373999999947],[310.98022,395.0037399999995],[309.87021999999996,397.9337399999995],[308.65021999999993,398.5637399999995],[308.33021999999994,399.4237399999995],[308.6702199999999,400.5437399999995],[308.4702199999999,401.01373999999953],[309.27021999999994,402.11373999999955],[309.24021999999997,403.0837399999996],[307.18021999999996,406.1437399999996],[306.88021999999995,407.84373999999957],[305.43021999999996,408.2037399999996],[304.50021999999996,409.3037399999996],[302.86021999999997,414.5737399999996],[298.12021999999996,416.8037399999996],[294.44021999999995,416.2437399999996],[293.63021999999995,417.3237399999996],[293.81021999999996,419.5737399999996],[292.79022,420.6937399999996],[292.39022,421.8537399999996],[287.95022,422.9937399999996],[286.87022,423.7937399999996],[286.16022000000004,426.0037399999996],[283.79022000000003,426.4837399999996],[283.09022000000004,427.5937399999996],[283.53022000000004,428.77373999999963],[283.14022000000006,431.0437399999996],[281.9902200000001,433.31373999999965],[280.9102200000001,434.36373999999967],[280.5402200000001,436.6937399999997],[279.50022000000007,437.7737399999997],[279.26022000000006,440.12373999999966],[281.5602200000001,442.0537399999997],[287.44022000000007,444.2737399999997],[289.6702200000001,444.61373999999967],[290.69022000000007,445.9637399999997],[290.6202200000001,448.2737399999997],[292.3102200000001,450.6337399999997],[292.6002200000001,451.7237399999997],[291.6502200000001,454.1337399999997],[291.4202200000001,456.4437399999997],[290.9202200000001,457.65373999999974],[292.3902200000001,465.4637399999997],[292.5202200000001,467.5737399999997],[292.0702200000001,470.8237399999997],[292.6502200000001,472.9537399999997],[292.0302200000001,475.25373999999977],[292.3402200000001,477.4937399999998],[290.0702200000001,478.95373999999975],[288.8502200000001,482.8637399999998],[289.5502200000001,486.28373999999974],[291.26022000000006,488.47373999999974],[290.52022000000005,489.29373999999973],[289.8102200000001,493.9637399999997],[289.9702200000001,495.1137399999997],[289.6702200000001,496.10373999999973],[290.44022000000007,496.7337399999997],[290.38022000000007,497.3037399999997],[289.51022000000006,498.4737399999997],[288.96022000000005,498.5837399999997],[288.84022000000004,499.1237399999997],[289.37022,500.5737399999997],[289.01022,501.3437399999997],[287.89022,501.8137399999997],[287.85022,502.5137399999997],[288.47022,503.61373999999967],[289.15022,503.50373999999965],[289.22022,503.74373999999966],[287.99021999999997,505.2637399999997],[286.82021999999995,505.91373999999973],[287.23022,505.9937399999997],[287.12021999999996,508.1937399999997],[286.85022,508.36373999999967],[286.06021999999996,507.91373999999973],[286.22022,508.6437399999997],[285.55021999999997,508.6837399999997],[284.78022,509.50373999999965],[285.40022,511.6837399999997],[284.93021999999996,512.2137399999997],[283.91022,512.3637399999997],[284.24021999999997,513.7037399999997],[283.68021999999996,513.9637399999997],[282.83021999999994,513.7437399999997],[283.2302199999999,514.6837399999997],[282.03021999999993,514.7737399999996],[282.1202199999999,516.1837399999997],[279.9302199999999,516.8837399999996],[278.8202199999999,517.8537399999997],[279.2902199999999,519.9137399999997],[278.7402199999999,519.9437399999997],[278.6202199999999,520.7037399999997],[278.0702199999999,520.5837399999997],[277.3102199999999,521.2637399999996],[277.7502199999999,521.7437399999997],[278.0702199999999,523.8637399999997],[277.5602199999999,524.5437399999996],[275.2902199999999,525.5237399999996],[273.84021999999993,526.7737399999996],[272.7302199999999,529.0037399999997],[273.09021999999993,530.0237399999996],[272.82021999999995,530.6537399999996],[271.18021999999996,531.4337399999997],[270.57021999999995,532.1137399999997],[270.8502199999999,532.8937399999996],[272.09021999999993,533.1637399999997],[272.26021999999995,533.7037399999997],[271.7902199999999,534.2537399999997],[270.90021999999993,534.3237399999997],[270.12021999999996,535.2937399999996],[269.52021999999994,534.3437399999997],[268.57021999999995,534.3137399999997],[268.31021999999996,534.7037399999997],[268.61021999999997,535.9937399999997],[267.66022,536.5837399999997],[266.13022,536.4237399999997],[264.92022000000003,535.9037399999996],[262.60022000000004,534.0037399999997],[261.79022000000003,532.9437399999997],[261.73022000000003,529.3437399999997],[261.04022000000003,527.1737399999997],[259.80022,526.1137399999997],[257.60022000000004,525.5037399999997]]]},"properties":{"id":"AO-MAL"}},
{"type":"Feature","geometry":{"type":"Polygon","coordinates":[[[370.92022,334.15373999999963],[369.54021999999975,333.8037399999992],[368.55021999999974,332.3037399999992],[366.31021999999973,330.1437399999992],[365.8202199999997,329.0837399999992],[365.4702199999997,324.7037399999992],[365.0502199999997,323.6137399999992],[363.9602199999997,322.52373999999924],[360.5402199999997,322.37373999999926],[359.4502199999997,321.80373999999927],[359.6502199999997,320.7337399999993],[360.7102199999997,319.7837399999993],[360.9102199999997,318.7137399999993],[360.19021999999967,317.5937399999993],[359.02021999999965,317.5037399999993],[357.77021999999965,318.0637399999993],[356.97021999999964,316.91373999999934],[356.20021999999966,313.6137399999993],[355.1202199999997,313.04373999999933],[354.1602199999997,311.7537399999993],[353.7002199999997,310.5537399999993],[353.8902199999997,309.23373999999933],[355.3402199999997,306.79373999999933],[355.2102199999997,304.9437399999993],[354.2602199999997,303.6837399999993],[347.8302199999997,297.91373999999934],[347.7902199999997,296.7537399999993],[348.8402199999997,295.8037399999993],[348.5102199999997,294.4937399999993],[347.6402199999997,293.4337399999993],[345.00021999999973,292.9237399999993],[343.7602199999997,292.0137399999993],[342.9002199999997,290.4637399999993],[341.6802199999997,289.4737399999993],[338.9802199999997,289.0737399999993],[333.9002199999997,284.3537399999993],[332.9202199999997,283.30373999999927],[333.3302199999997,280.92373999999927],[333.00021999999973,279.75373999999925],[331.37021999999973,277.49373999999926],[327.4502199999997,273.2337399999993],[327.9602199999997,270.88373999999925],[327.56021999999973,269.82373999999925],[325.29021999999975,268.6037399999992],[321.52021999999977,264.9737399999992],[320.85021999999975,266.09373999999923],[319.6402199999998,265.0337399999992],[319.66021999999975,263.7237399999992],[321.54021999999975,260.2337399999992],[321.71021999999977,259.15373999999923],[321.27021999999977,258.02373999999924],[320.04021999999975,257.6637399999992],[318.9402199999997,256.58373999999924],[318.49021999999974,254.37373999999926],[314.99021999999974,252.80373999999927],[315.6302199999997,251.44373999999925],[313.81021999999973,249.15373999999923],[316.3802199999997,244.58373999999924],[316.6502199999997,242.23373999999922],[316.3302199999997,241.15373999999923],[312.4402199999997,239.77373999999924],[309.1502199999997,236.89373999999924],[310.6902199999997,234.61373999999927],[311.0702199999997,233.2137399999993],[309.36021999999974,230.4437399999993],[309.96021999999977,229.3237399999993],[310.05021999999974,228.24373999999932],[323.68021999999974,220.37373999999932],[324.8302199999997,220.3137399999993],[328.1402199999997,221.0637399999993],[330.4002199999997,219.91373999999934],[335.12021999999973,216.45373999999936],[336.25021999999973,216.04373999999933],[338.56021999999973,216.91373999999934],[339.67021999999974,216.49373999999932],[340.49021999999974,215.40373999999935],[342.53021999999976,214.08373999999935],[343.22021999999976,213.24373999999938],[343.99021999999974,213.51373999999936],[344.8202199999997,212.87373999999937],[345.18021999999974,211.51373999999936],[347.3902199999997,210.17373999999938],[348.25021999999973,208.94373999999937],[348.60021999999975,207.24373999999938],[351.0702199999998,203.70373999999936],[351.27021999999977,203.21373999999935],[350.7502199999998,201.66373999999934],[352.2002199999998,197.78373999999934],[351.73021999999975,196.79373999999933],[351.9502199999998,195.12373999999932],[353.10021999999975,192.74373999999932],[354.05021999999974,192.2037399999993],[354.1302199999997,190.61373999999932],[355.2602199999997,189.54373999999933],[355.2802199999997,188.68373999999932],[356.3602199999997,187.59373999999934],[356.2702199999997,186.97373999999934],[356.8402199999997,186.98373999999933],[358.2402199999997,186.0037399999993],[358.7402199999997,186.0637399999993],[363.6502199999997,187.9437399999993],[364.81021999999973,188.0237399999993],[371.78021999999976,184.2637399999993],[370.11021999999974,190.1937399999993],[370.03021999999976,192.3437399999993],[372.67021999999974,193.7737399999993],[373.75021999999973,194.1337399999993],[374.9002199999997,193.7037399999993],[377.0702199999997,191.87373999999932],[378.2702199999997,191.61373999999932],[379.87021999999973,191.87373999999932],[382.05021999999974,191.16373999999934],[387.7602199999997,192.34373999999934],[388.49021999999974,191.52373999999935],[389.4402199999997,189.01373999999936],[392.10021999999975,186.83373999999935],[392.66021999999975,183.91373999999934],[394.18021999999974,182.64373999999935],[395.75021999999973,178.67373999999933],[397.9602199999997,177.42373999999933],[398.4002199999997,175.85373999999933],[399.87021999999973,175.18373999999932],[400.30021999999974,174.2637399999993],[401.48021999999975,173.3237399999993],[401.8202199999997,172.41373999999928],[405.12021999999973,170.1437399999993],[405.78021999999976,168.6537399999993],[406.8802199999998,168.71373999999923],[406.91021999999975,167.46373999999923],[407.43021999999974,167.27373999999918],[408.4602199999997,167.6137399999992],[408.9402199999997,166.78373999999917],[410.0902199999997,166.4937399999992],[411.4902199999997,164.08373999999924],[413.4802199999997,162.6337399999992],[414.9602199999997,160.6337399999992],[419.0302199999997,158.39373999999918],[421.2602199999997,157.8837399999992],[424.05021999999974,156.40373999999917],[427.8302199999997,156.7637399999992],[432.3302199999997,155.70373999999924],[435.25021999999973,156.9037399999993],[438.0102199999997,156.2537399999993],[440.36021999999974,157.3837399999993],[442.0102199999997,157.0137399999993],[443.9102199999997,157.91373999999928],[444.8802199999997,157.55373999999927],[445.81021999999973,156.3937399999993],[450.53021999999976,155.42373999999927],[451.0702199999998,155.59373999999923],[451.52021999999977,156.53373999999928],[452.6802199999998,156.5237399999993],[454.4902199999998,154.84373999999934],[455.7002199999998,154.86373999999932],[456.6202199999998,155.28373999999928],[457.1402199999998,154.36373999999932],[458.3602199999998,153.5237399999993],[460.9002199999998,152.84373999999934],[463.07021999999984,150.1537399999993],[464.31021999999984,149.23373999999933],[465.57021999999984,147.0137399999993],[466.5802199999998,146.61373999999932],[467.4602199999998,147.16373999999928],[467.9102199999998,147.06373999999926],[467.5202199999998,145.46373999999923],[468.1702199999998,144.58373999999924],[470.5502199999998,144.7437399999992],[472.2702199999998,143.69373999999925],[473.74021999999985,138.94373999999925],[475.43021999999985,137.09373999999923],[476.54021999999986,136.79373999999927],[478.04021999999986,135.47373999999922],[480.43021999999985,135.14373999999918],[480.99021999999985,134.34373999999923],[481.93021999999985,133.92373999999927],[482.76021999999983,131.95373999999924],[482.4702199999998,128.79373999999927],[482.70021999999983,127.67373999999927],[483.4002199999998,126.94373999999925],[484.57021999999984,126.93373999999926],[484.98021999999986,126.62373999999932],[485.85021999999987,124.72373999999934],[487.4602199999999,123.49373999999932],[487.17021999999986,121.33373999999935],[488.74021999999985,120.10373999999933],[490.06021999999984,116.54373999999939],[492.20021999999983,114.47373999999934],[493.50021999999984,114.43373999999937],[495.32021999999984,113.42373999999938],[494.99021999999985,112.51373999999942],[495.44021999999984,111.5337399999994],[495.44021999999984,110.37373999999943],[495.80021999999985,110.0237399999994],[497.0202199999999,110.0237399999994],[497.73021999999986,109.35373999999945],[497.92021999999986,107.75373999999942],[498.66021999999987,106.38373999999942],[500.24021999999985,105.12373999999943],[500.13021999999984,103.93373999999937],[500.82021999999984,103.22373999999934],[501.1002199999998,101.45373999999936],[507.7702199999998,97.69373999999937],[509.4602199999998,96.08373999999935],[509.4702199999998,256.5137399999994],[610.0602199999998,257.2237399999994],[609.3202199999998,259.4337399999994],[606.9502199999998,261.8637399999994],[604.6702199999999,263.0337399999994],[604.4102199999999,263.7237399999994],[603.3902199999999,264.5237399999994],[603.3202199999998,265.1137399999994],[603.7902199999999,269.14373999999935],[604.7802199999999,271.6237399999994],[604.6402199999999,273.7837399999994],[606.1102199999999,276.3737399999994],[605.8902199999999,279.56373999999937],[606.4602199999999,280.2337399999994],[606.66022,281.13373999999936],[607.64022,281.52373999999935],[607.86022,282.38373999999936],[608.6802200000001,282.83373999999935],[609.3702200000001,284.39373999999935],[611.6602200000001,286.1137399999994],[611.9202200000001,288.56373999999937],[611.73022,289.7237399999994],[610.7002200000001,290.5137399999994],[611.6802200000001,291.7137399999994],[611.24022,293.1037399999994],[611.46022,293.63373999999936],[608.77022,296.1237399999994],[607.37022,299.20373999999936],[607.24022,301.34373999999934],[607.58022,311.82373999999936],[608.2002200000001,314.57373999999936],[609.0702200000001,315.21373999999935],[609.2902200000001,315.81373999999937],[607.9802200000001,319.5437399999994],[607.8402200000002,321.3937399999994],[606.6502200000001,324.1637399999994],[607.6202200000001,325.1037399999994],[608.2402200000001,327.7437399999994],[609.8702200000001,330.7437399999994],[609.3802200000001,333.4637399999994],[609.6002200000001,334.7037399999994],[610.3602200000001,335.5637399999994],[611.5702200000002,336.0237399999994],[612.1202200000001,337.0537399999994],[611.0402200000001,341.25373999999937],[609.9002200000001,343.1637399999994],[609.8002200000001,349.44373999999937],[609.6302200000001,350.01373999999936],[608.3502200000001,350.85373999999933],[608.9902200000001,352.14373999999935],[608.6402200000001,354.44373999999937],[609.3302200000002,358.44373999999937],[608.8202200000002,358.88373999999936],[609.0702200000002,359.52373999999935],[608.8402200000002,359.96373999999935],[607.4102200000002,361.23373999999933],[607.8602200000003,362.3237399999993],[607.0702200000003,362.0637399999993],[606.1202200000002,359.98373999999933],[605.3402200000003,359.16373999999934],[602.6302200000002,357.5037399999993],[601.7802200000002,356.04373999999933],[600.7802200000002,355.53373999999934],[598.9702200000003,355.52373999999935],[595.5202200000002,357.3037399999993],[593.6702200000002,356.52373999999935],[591.9102200000002,356.50373999999937],[589.7802200000002,357.38373999999936],[587.6302200000002,357.25373999999937],[585.4102200000002,358.9337399999994],[583.7002200000002,359.5937399999994],[580.2402200000001,360.0037399999994],[573.0202200000001,355.36373999999944],[568.7902200000001,351.8137399999994],[566.2702200000001,352.2637399999994],[562.9102200000001,350.7237399999994],[559.47022,351.9137399999994],[556.73022,352.0137399999994],[554.03022,352.8537399999994],[552.23022,353.8237399999994],[550.5502200000001,352.87373999999943],[549.4402200000001,352.7637399999994],[548.59022,351.3537399999994],[545.13022,351.4237399999994],[541.69022,352.7937399999994],[538.3302199999999,355.1237399999994],[537.19022,355.39373999999935],[534.6202199999999,354.8037399999994],[534.0002199999999,354.3437399999994],[533.5802199999999,353.4937399999994],[534.02022,352.02373999999935],[533.87022,350.90373999999935],[531.02022,348.1837399999993],[526.79022,348.10373999999933],[525.9602199999999,346.57373999999936],[524.2502199999999,344.7337399999994],[523.19022,344.4537399999994],[522.2402199999999,345.5837399999994],[522.7802199999999,347.1737399999994],[522.4702199999999,348.63373999999936],[520.3602199999999,351.70373999999936],[520.32022,355.14373999999935],[519.67022,357.01373999999936],[519.63022,359.65373999999935],[518.44022,361.53373999999934],[518.06022,363.16373999999934],[518.38022,364.29373999999933],[520.89022,366.26373999999936],[522.62022,367.1137399999994],[524.34022,367.2837399999994],[525.63022,368.2637399999994],[525.9502200000001,369.8437399999994],[525.46022,372.3737399999994],[524.96022,373.06373999999937],[525.08022,376.4337399999994],[523.0602200000001,375.58373999999935],[520.7802200000001,375.6137399999993],[519.08022,376.6837399999993],[516.49022,377.40373999999935],[514.66022,377.23373999999933],[513.66022,377.5537399999993],[511.48022000000003,375.60373999999933],[504.34022000000004,375.41373999999934],[502.89022000000006,376.04373999999933],[499.92022000000003,375.8037399999993],[498.60022000000004,374.40373999999935],[497.27022000000005,371.59373999999934],[496.71022000000005,368.72373999999934],[496.8102200000001,365.63373999999936],[495.1102200000001,364.5437399999994],[493.2302200000001,362.3437399999994],[492.9002200000001,358.0937399999994],[492.2702200000001,357.3437399999994],[492.2002200000001,356.7237399999994],[493.5702200000001,354.00373999999937],[494.6402200000001,353.9337399999994],[494.3302200000001,352.9337399999994],[494.7102200000001,352.00373999999937],[494.56022000000013,350.02373999999935],[491.8202200000001,349.31373999999937],[491.61022000000014,348.82373999999936],[489.58022000000017,348.38373999999936],[488.8802200000002,347.77373999999935],[486.7002200000002,348.09373999999934],[486.1302200000002,348.81373999999937],[485.9502200000002,348.3037399999994],[484.54022000000015,348.5437399999994],[483.60022000000015,346.8037399999994],[482.62022000000013,346.9137399999994],[481.6902200000001,346.4637399999994],[480.6902200000001,346.6437399999994],[479.7202200000001,346.0337399999994],[479.7202200000001,345.6437399999994],[477.5102200000001,345.3337399999994],[474.3402200000001,343.6537399999994],[471.4402200000001,343.2137399999994],[470.8802200000001,342.5837399999994],[470.85022000000015,341.6537399999994],[469.87022000000013,340.6537399999994],[468.87022000000013,340.3637399999994],[467.5802200000001,338.19373999999937],[465.6702200000001,337.4837399999994],[464.7102200000001,337.8337399999994],[462.6302200000001,336.4437399999994],[461.55022000000014,336.30373999999944],[461.71022000000016,335.09373999999946],[462.23022000000014,334.23373999999944],[461.8802200000001,333.34373999999946],[460.9102200000001,332.9437399999995],[455.69022000000007,333.83373999999947],[454.75022000000007,333.45373999999947],[453.9302200000001,333.98373999999944],[452.0902200000001,333.83373999999947],[450.1602200000001,334.29373999999945],[448.8502200000001,335.05373999999944],[447.3602200000001,334.65373999999946],[446.3502200000001,336.3737399999995],[445.1702200000001,336.52373999999946],[444.2902200000001,336.15373999999946],[441.8602200000001,337.8137399999995],[440.6802200000001,337.6937399999995],[439.27022000000005,338.3537399999995],[438.45022000000006,339.6037399999995],[437.90022000000005,339.7737399999995],[436.86022,339.44373999999954],[435.37022,340.00373999999954],[433.63022,341.7037399999995],[431.02022,343.17373999999955],[429.91022,343.07373999999953],[428.63022,342.29373999999956],[427.74022,342.78373999999957],[426.52022,342.8937399999996],[425.60022,344.04373999999956],[424.19021999999995,344.67373999999955],[423.15021999999993,344.4037399999996],[422.6702199999999,344.61373999999955],[422.09021999999993,345.4037399999996],[420.58021999999994,346.0137399999996],[419.9202199999999,346.7337399999996],[418.8602199999999,346.4737399999996],[415.71021999999994,342.7537399999996],[414.08021999999994,342.7437399999996],[412.12021999999996,344.1037399999996],[410.67022,343.5537399999996],[409.05021999999997,343.8937399999996],[407.99021999999997,342.1837399999996],[407.02021999999994,341.7837399999996],[405.8502199999999,341.89373999999964],[404.8702199999999,343.65373999999963],[403.8302199999999,343.6637399999996],[403.1502199999999,344.3637399999996],[401.4402199999999,343.5137399999996],[400.6302199999999,342.2537399999996],[397.3102199999999,341.4637399999996],[394.4202199999999,342.6937399999996],[392.4402199999999,344.1637399999996],[390.7102199999999,344.2537399999996],[389.1802199999999,343.4137399999996],[388.3602199999999,341.46373999999963],[386.2302199999999,339.46373999999963],[384.3102199999999,337.89373999999964],[382.6802199999999,337.4737399999996],[381.15021999999993,336.2837399999996],[380.0402199999999,336.01373999999964],[376.76021999999995,336.82373999999965],[375.45021999999994,336.76373999999964],[374.58021999999994,336.26373999999964],[373.74021999999997,335.0337399999996],[370.92022,334.15373999999963]]]},"properties":{"id":"AO-MOX"}},
{"type":"Feature","geometry":{"type":"MultiPolygon","coordinates":[[[[1.7902175,79.01373999999964],[1.7902175000000002,79.01373999999964],[0.9702175100000001,78.5537399999996],[0.26021751000000015,77.57373999999959],[0.25021751000000014,75.54373999999962],[2.3202175,69.86373999999967],[3.6502175,68.5737399999997],[3.5702175,70.18373999999972],[3.0802175000000003,70.96373999999969],[3.1202175000000003,73.87373999999966],[2.5202175,75.13373999999965],[2.9402175,76.0537399999996],[2.6702175,76.52373999999963],[2.7102175,78.35373999999968],[2.5702175,78.85373999999968],[1.7902175,79.01373999999964]]],[[[43.420218,230.16373999999962],[43.420217999999906,230.16373999999962],[43.0802179999999,229.46373999999963],[43.2702179999999,228.93373999999966],[43.8302179999999,228.73373999999967],[43.640217999999905,228.00373999999965],[43.6502179999999,227.10373999999968],[42.8002179999999,226.5837399999997],[42.570217999999905,225.92373999999967],[42.5102179999999,225.04373999999967],[43.0802179999999,224.7037399999997],[42.640217999999905,222.73373999999967],[42.850217999999906,221.79373999999967],[42.430217999999904,219.31373999999965],[42.7202179999999,219.10373999999968],[42.210217999999905,218.16373999999968],[42.4402179999999,217.17373999999967],[42.180217999999904,215.92373999999967],[42.0802179999999,214.24373999999966],[42.5502179999999,214.04373999999967],[41.6902179999999,212.2737399999997],[40.4802179999999,212.3737399999997],[40.8402179999999,213.0237399999997],[37.2702179999999,212.49373999999972],[37.0802179999999,211.47373999999974],[37.4902179999999,209.28373999999974],[36.7502179999999,208.52373999999975],[36.5702179999999,208.84373999999974],[36.0902179999999,208.48373999999973],[36.0102179999999,207.55373999999972],[36.2702179999999,207.41373999999973],[35.8302179999999,204.66373999999973],[35.0902179999999,203.68373999999972],[34.3002179999999,203.3337399999997],[33.9002179999999,201.18373999999972],[34.7902179999999,198.47373999999974],[34.320217999999905,197.19373999999976],[33.4402179999999,196.78373999999974],[32.8802179999999,197.0637399999997],[32.8402179999999,196.5837399999997],[32.9902179999999,195.4037399999997],[33.9902179999999,193.98373999999967],[33.9502179999999,192.73373999999967],[34.7002179999999,191.80373999999966],[34.4302179999999,191.41373999999968],[34.690217999999895,190.50373999999965],[33.85021799999989,189.22373999999968],[34.18021799999989,187.8237399999997],[33.56021799999989,183.79373999999973],[33.09021799999989,183.68373999999972],[33.03021799999989,182.30373999999972],[32.19021799999989,180.5637399999997],[31.630217999999886,177.3337399999997],[31.290217999999886,175.16373999999968],[30.850217999999884,174.47373999999968],[31.060217999999885,172.50373999999965],[29.840217999999886,170.97373999999968],[30.520217999999886,169.5837399999997],[30.640217999999887,168.14373999999964],[29.530217999999888,166.6837399999996],[28.72021799999989,164.40373999999963],[27.41021799999989,164.0537399999996],[26.920217999999892,163.39373999999964],[27.080217999999892,160.97373999999968],[26.55021799999989,160.77373999999963],[25.990217999999892,158.3137399999996],[24.920217999999892,157.76373999999964],[24.55021799999989,156.49373999999966],[24.82021799999989,154.64373999999964],[23.78021799999989,153.6737399999996],[23.26021799999989,151.88373999999965],[22.73021799999989,151.47373999999968],[22.28021799999989,150.13373999999965],[21.990217999999892,148.8337399999997],[22.80021799999989,148.80373999999972],[23.21021799999989,149.35373999999968],[23.54021799999989,149.17373999999973],[24.20021799999989,147.55373999999972],[24.05021799999989,146.42373999999973],[23.43021799999989,145.73373999999967],[22.68021799999989,146.28373999999963],[21.71021799999989,145.51373999999964],[21.01021799999989,145.50373999999965],[19.19021799999989,143.88373999999965],[19.110217999999893,138.39373999999964],[18.60021799999989,137.87373999999966],[17.96021799999989,135.64373999999964],[18.00021799999989,131.02373999999963],[17.45021799999989,126.87373999999966],[16.70021799999989,125.63373999999965],[16.25021799999989,123.67373999999961],[14.84021799999989,122.26373999999964],[12.87021799999989,121.37373999999966],[12.050217999999889,117.86373999999967],[11.36021799999989,117.4537399999997],[10.70021799999989,115.88373999999965],[9.08021749999989,115.03373999999963],[7.89021749999989,114.92373999999961],[7.18021749999989,115.16373999999962],[7.120217499999891,115.49373999999966],[8.12021749999989,115.96373999999969],[9.23021749999989,115.73373999999967],[9.35021749999989,116.04373999999962],[8.130217499999889,116.07373999999959],[6.440217499999888,115.39373999999964],[5.910217499999888,115.62373999999966],[5.920217499999888,116.04373999999962],[5.520217499999887,115.9337399999996],[4.180217499999888,113.98373999999956],[3.2502174999998874,111.22373999999957],[3.4702174999998876,109.57373999999959],[5.670217499999888,106.36373999999955],[6.870217499999888,103.8137399999996],[6.090217499999888,100.23373999999956],[6.1002174999998875,98.1937399999996],[7.910217499999887,81.6937399999996],[7.580217499999887,74.63373999999965],[7.330217499999887,74.5637399999996],[7.740217499999887,73.40373999999963],[7.3102174999998875,72.99373999999966],[7.750217499999888,72.29373999999962],[7.740217499999888,70.40373999999963],[7.510217499999888,70.3137399999996],[7.360217499999887,70.13373999999965],[7.720217499999888,68.75373999999965],[7.170217499999888,65.01373999999964],[6.830217499999888,63.80373999999961],[6.1002174999998875,62.963739999999575],[5.530217499999887,62.90373999999963],[5.840217499999887,64.9337399999996],[6.200217499999887,65.29373999999962],[5.770217499999887,65.33373999999958],[5.990217499999887,65.79373999999962],[5.170217499999887,65.16373999999962],[5.720217499999887,60.0637399999996],[4.7702174999998865,56.89373999999964],[4.240217499999886,52.25373999999965],[4.2302174999998865,41.01373999999964],[6.100217499999887,40.08373999999969],[7.170217499999887,40.113739999999666],[7.620217499999887,40.293739999999616],[8.430217499999888,41.67373999999961],[9.570217499999888,41.4337399999996],[10.720217999999887,41.90373999999963],[11.900217999999887,43.22373999999968],[13.970217999999887,44.423739999999725],[16.660217999999887,44.98373999999967],[18.850217999999888,45.9537399999997],[19.79021799999989,45.77373999999975],[20.65021799999989,46.36373999999978],[21.95021799999989,45.60373999999979],[23.42021799999989,45.36373999999978],[24.81021799999989,45.62373999999977],[25.82021799999989,43.64373999999975],[28.87021799999989,41.62373999999977],[29.93021799999989,41.88373999999976],[30.90021799999989,41.52373999999975],[33.97021799999989,42.52373999999975],[35.10021799999989,41.9537399999997],[35.61021799999989,42.50373999999965],[36.19021799999989,42.47373999999968],[36.54021799999989,43.163739999999734],[37.54021799999989,43.03373999999974],[37.98021799999989,42.663739999999734],[38.210217999999884,40.4537399999997],[38.770217999999886,40.22373999999968],[40.600217999999884,41.38373999999965],[41.08021799999988,41.033739999999625],[42.63021799999988,41.023739999999634],[43.58021799999988,41.47373999999968],[44.43021799999988,41.353739999999675],[45.130217999999886,41.97373999999968],[46.280217999999884,41.9537399999997],[46.810217999999885,43.05373999999972],[48.780217999999884,44.29373999999973],[50.950217999999886,45.243739999999775],[51.54021799999989,45.13373999999976],[54.87021799999989,47.56373999999971],[56.26021799999989,47.87373999999966],[57.090217999999886,49.343739999999684],[58.08021799999989,49.53373999999974],[59.48021799999989,50.4537399999997],[59.710217999999884,51.423739999999725],[60.75021799999988,51.603739999999675],[61.80021799999988,52.71373999999969],[63.16021799999988,52.863739999999666],[65.01021799999988,54.603739999999675],[69.12021799999988,55.12373999999966],[70.54021799999988,54.90373999999963],[72.86021799999988,55.82373999999959],[74.90021799999988,55.34373999999957],[75.41021799999989,55.633739999999534],[75.9502179999999,54.61373999999955],[77.03021799999989,54.703739999999584],[79.1202179999999,53.973739999999566],[80.0202179999999,54.49373999999955],[83.0202179999999,55.0637399999996],[82.5502179999999,55.15373999999963],[82.3502179999999,57.76373999999964],[81.0102179999999,60.273739999999634],[73.8702179999999,67.39373999999964],[72.86021799999989,68.66373999999962],[72.4802179999999,69.90373999999963],[73.4802179999999,72.1937399999996],[74.6202179999999,73.3037399999996],[75.7402179999999,73.4437399999996],[76.9802179999999,74.28373999999963],[78.75021799999989,76.82373999999959],[78.52021799999989,77.97373999999957],[77.81021799999989,79.12373999999954],[75.80021799999989,81.0437399999995],[76.93021799999988,82.7937399999995],[77.72021799999989,83.40373999999952],[79.2002179999999,83.60373999999956],[80.31021799999989,85.32373999999959],[81.8702179999999,85.41373999999962],[82.6502179999999,86.96373999999958],[83.2002179999999,86.25373999999954],[84.6502179999999,87.60373999999956],[85.5902179999999,87.67373999999961],[89.5902179999999,92.24373999999966],[90.8802179999999,92.9437399999997],[91.3102179999999,94.05373999999972],[92.4102179999999,95.10373999999968],[92.4802179999999,96.1937399999997],[90.4902179999999,99.85373999999968],[90.0002179999999,102.15373999999963],[91.84021799999991,106.8137399999996],[95.70021799999991,113.70373999999958],[93.32021799999991,117.35373999999956],[93.08021799999992,118.47373999999957],[93.39021799999992,130.64373999999953],[89.64021799999992,132.0537399999995],[87.29021799999992,133.90373999999952],[86.55021799999993,135.0437399999995],[87.20021799999994,137.50373999999954],[86.44021799999993,139.83373999999958],[85.07021799999993,140.16373999999962],[84.55021799999993,139.09373999999957],[83.33021799999993,138.26373999999953],[82.17021799999993,138.1637399999995],[81.13021799999993,139.4237399999995],[81.49021799999993,140.76373999999953],[81.30021799999993,142.4137399999995],[79.88021799999993,142.69373999999948],[77.50021799999993,142.0437399999995],[76.38021799999993,143.06373999999948],[76.29021799999992,144.25373999999954],[79.97021799999993,146.36373999999955],[80.35021799999993,147.5637399999996],[77.43021799999993,151.00373999999965],[77.79021799999992,152.24373999999966],[79.83021799999993,154.65373999999963],[78.59021799999994,158.24373999999966],[78.59021799999994,159.64373999999964],[80.59021799999994,161.8137399999996],[82.96021799999994,162.1737399999996],[83.91021799999994,163.4437399999996],[87.50021799999995,166.24373999999955],[91.20021799999995,167.87373999999954],[94.13021799999996,169.89373999999953],[96.60021799999996,175.68373999999955],[96.87021799999995,180.47373999999957],[99.61021799999995,184.21373999999958],[99.42021799999995,188.42373999999955],[98.93021799999995,190.63373999999953],[99.33021799999996,193.11373999999955],[98.17021799999996,193.63373999999953],[97.06021799999996,193.04373999999956],[95.90021799999997,193.84373999999957],[95.42021799999996,195.0637399999996],[96.23021799999997,197.6137399999996],[95.55021799999996,200.02373999999963],[94.36021799999996,202.38373999999965],[94.80021799999996,203.96373999999963],[96.98021799999997,207.53373999999963],[97.30021799999996,208.6737399999996],[96.95021799999996,209.8637399999996],[94.80021799999996,211.3237399999996],[93.91021799999996,214.0537399999996],[92.50021799999996,213.7437399999996],[91.43021799999997,213.9837399999996],[89.27021799999997,215.3037399999996],[88.02021799999997,215.5537399999996],[85.81021799999998,214.28373999999963],[84.62021799999998,215.04373999999962],[83.10021799999998,218.6337399999996],[80.31021799999998,222.1737399999996],[79.97021799999997,223.2537399999996],[80.19021799999997,224.4337399999996],[81.31021799999998,226.78373999999963],[81.00021799999998,227.97373999999962],[79.90021799999998,228.59373999999963],[76.55021799999999,229.58373999999964],[72.80021799999999,229.88373999999965],[70.57021799999998,230.96373999999963],[69.35021799999998,230.76373999999964],[68.50021799999999,228.46373999999963],[64.85021799999998,227.44373999999965],[60.57021799999999,225.46373999999963],[59.50021799999999,225.91373999999962],[57.41021799999999,227.78373999999963],[54.870217999999994,227.83373999999964],[52.610217999999996,228.93373999999966],[49.100218,229.26373999999964],[46.850218,230.13373999999965],[43.420218,230.16373999999962]]]]},"properties":{"id":"AO-NAM"}},
{"type":"Feature","geometry":{"type":"Polygon","coordinates":[[[268.61021999999997,535.9937399999997],[268.71022,537.6637399999997],[268.37022,538.2237399999997],[266.74022,538.3937399999996],[266.16022000000004,539.1537399999996],[265.20022000000006,539.4637399999997],[264.47022000000004,540.6137399999997],[263.24022,540.5037399999997],[263.16022000000004,542.3137399999996],[262.41022000000004,543.9237399999997],[260.69022,545.2737399999996],[260.74022,546.0037399999997],[261.51022,546.9137399999996],[260.68022,547.7837399999996],[260.54022000000003,549.0837399999997],[259.42022000000003,551.1537399999996],[259.46022000000005,551.9337399999997],[260.1802200000001,552.2837399999996],[260.45022000000006,551.6037399999997],[261.1802200000001,551.4437399999997],[262.1202200000001,554.1637399999996],[261.63022000000007,556.0037399999997],[260.51022000000006,556.2637399999996],[259.95022000000006,556.9837399999997],[260.3602200000001,558.7437399999997],[259.8602200000001,559.5037399999997],[260.0302200000001,561.4937399999997],[258.8002200000001,562.5737399999996],[257.8102200000001,562.3137399999996],[256.8702200000001,562.8737399999997],[256.64022000000006,564.9237399999996],[254.92022000000003,566.5937399999997],[254.63022000000004,569.3537399999997],[253.16022000000004,570.1537399999996],[252.80022000000002,570.9737399999997],[251.95022000000003,575.3437399999997],[250.71022000000002,576.0737399999996],[250.60022,576.7237399999997],[251.28022,578.5737399999996],[249.52022000000002,579.9337399999996],[249.88022000000004,581.2537399999997],[248.73022000000003,582.6237399999997],[249.77022000000002,583.6437399999996],[249.07022000000003,584.4137399999996],[247.72022000000004,584.6237399999997],[248.34022000000004,586.0437399999996],[247.60022000000004,586.6637399999996],[247.68022000000005,587.0937399999997],[248.96022000000005,586.8037399999996],[249.41022000000004,587.6537399999996],[248.64022000000003,590.2837399999996],[249.09022000000002,591.8237399999996],[248.69022,593.0037399999997],[249.70022,595.0537399999996],[249.22022,595.7437399999997],[249.24022000000002,596.4337399999996],[247.67022000000003,597.7337399999997],[246.73022000000003,597.8137399999996],[246.18022000000002,598.4837399999997],[245.49022000000002,598.3337399999996],[245.67022000000003,599.3437399999996],[245.41022000000004,599.8337399999996],[243.58022000000003,600.3837399999996],[243.64022000000003,600.8937399999996],[244.49022000000002,600.9037399999996],[244.87022000000002,601.2637399999996],[244.63022,601.5937399999996],[243.37022000000002,601.3837399999996],[243.20022000000003,601.7137399999997],[243.63022000000004,602.6037399999997],[243.16022000000004,604.5137399999996],[243.55022000000002,605.3537399999997],[242.83022000000003,605.6737399999996],[242.71022000000002,606.2437399999997],[243.28022,607.4537399999996],[243.23022,608.6137399999996],[238.89022,610.5937399999996],[235.52022,609.7237399999996],[233.61022,610.1037399999996],[232.66022,611.0837399999996],[225.94022,611.1537399999999],[206.61022,610.4837399999998],[197.40022,611.0037399999998],[190.29021999999998,610.6737399999998],[170.22021999999998,610.9337399999998],[152.64022,610.4537399999998],[153.09022,608.9137399999998],[157.12022,603.4937399999998],[158.34022,601.2337399999998],[158.96022,598.9537399999998],[159.00021999999998,595.0737399999998],[159.86022,593.9937399999998],[163.65022,591.4337399999998],[161.01022,587.7837399999999],[159.05022,586.2737399999997],[153.49022,577.4737399999998],[148.67022,575.5137399999998],[145.25022,574.8537399999998],[141.81022000000002,574.9937399999998],[139.77022000000002,572.4037399999997],[136.46022000000002,570.9337399999998],[132.92022000000003,571.3137399999998],[131.87022000000002,571.0337399999999],[128.99022000000002,569.1537399999997],[128.83022000000003,568.0837399999998],[127.94022000000004,566.9537399999998],[126.96022000000004,564.4837399999998],[124.87022000000003,563.9337399999998],[122.41022000000004,562.3437399999998],[116.51022000000003,560.7937399999998],[112.12022000000003,557.0237399999999],[110.48022000000003,556.7637399999999],[110.04022000000003,557.0537399999998],[107.77022000000004,557.1237399999998],[105.99022000000004,556.8737399999998],[105.39022000000004,556.3537399999998],[106.93022000000005,553.9037399999997],[108.07022000000005,549.2537399999998],[110.04022000000005,547.2037399999998],[112.19022000000005,545.7837399999999],[112.02022000000005,544.5937399999998],[109.06022000000006,541.2337399999998],[108.24022000000006,539.0137399999998],[108.31022000000006,537.7937399999998],[110.27022000000005,535.8237399999998],[110.27022000000005,534.7437399999998],[110.82022000000005,533.6437399999998],[112.92022000000004,532.2837399999997],[113.56022000000004,531.1837399999997],[113.11022000000004,530.3137399999998],[112.62022000000005,530.3937399999998],[111.07022000000005,528.5337399999997],[108.92022000000004,528.4037399999997],[107.48022000000005,527.8137399999998],[106.43022000000005,524.7137399999998],[108.49022000000005,524.1737399999997],[110.71022000000005,524.3737399999998],[112.88022000000005,524.0937399999998],[114.01022000000005,524.4837399999998],[118.57022000000005,524.0937399999998],[120.71022000000005,524.2937399999997],[121.79022000000005,523.9437399999997],[122.75022000000004,522.8137399999998],[122.72022000000004,521.7237399999998],[123.79022000000003,520.7837399999997],[124.86022000000003,520.4037399999997],[125.68022000000002,519.2637399999998],[126.78022000000001,518.4837399999998],[130.60022,513.6837399999997],[131.70022,512.9037399999997],[134.03022,512.2537399999998],[136.43022000000002,510.82373999999976],[139.90022000000002,510.4837399999998],[147.21022000000002,512.0237399999997],[149.61022000000003,511.72373999999974],[150.75022,510.77373999999975],[151.00022,509.4937399999998],[150.38022,504.75373999999977],[150.56022000000002,501.4537399999997],[150.24022000000002,500.3437399999997],[147.20022000000003,495.7637399999997],[146.56022000000004,493.4637399999997],[146.50022000000004,490.9237399999997],[147.39022000000003,488.1537399999997],[148.03022,486.2037399999997],[149.86022000000003,486.5137399999997],[151.79022000000003,485.66373999999973],[153.55022000000002,485.5137399999997],[155.94022,486.4737399999997],[157.88022,488.6337399999997],[158.40022000000002,490.5237399999997],[160.16022,492.1837399999997],[162.68022000000002,491.9437399999997],[165.17022000000003,490.3137399999997],[167.74022000000002,491.5437399999997],[170.46022000000002,491.2237399999997],[171.12022000000002,493.3137399999997],[172.42022000000003,493.4237399999997],[172.76022000000003,494.4637399999997],[173.69022000000004,494.6037399999997],[174.13022000000004,495.89373999999964],[174.54022000000003,496.0937399999997],[174.59022000000004,499.18373999999966],[175.66022000000004,500.82373999999965],[175.71022000000005,501.40373999999963],[174.64022000000006,502.44373999999965],[173.67022000000006,502.1037399999997],[173.35022000000006,502.44373999999965],[173.51022000000006,503.69373999999965],[174.55022000000005,505.37373999999966],[174.16022000000007,507.9737399999997],[178.66022000000007,509.0437399999996],[184.64022000000006,509.19373999999965],[186.09022000000004,508.4137399999996],[186.91022000000004,507.1737399999996],[186.77022000000005,505.5337399999996],[187.18022000000005,503.88373999999965],[188.93022000000005,503.14373999999964],[190.66022000000004,503.0337399999996],[193.56022000000004,503.9437399999996],[195.31022000000004,505.5937399999996],[199.84022000000004,505.6637399999996],[200.84022000000004,504.5737399999996],[202.61022000000006,503.6137399999996],[202.62022000000005,503.1737399999996],[201.19022000000004,502.9137399999996],[201.20022000000003,502.38373999999965],[201.84022000000002,500.5737399999996],[202.39022000000003,500.4237399999996],[202.64022000000003,500.88373999999965],[203.16022000000004,500.9837399999996],[203.83022000000003,500.2837399999996],[204.07022000000003,495.50373999999965],[209.50022000000004,494.71373999999963],[210.75022000000004,495.5637399999996],[211.66022000000004,496.8037399999996],[212.90022000000005,497.38373999999965],[215.23022000000006,497.25373999999965],[216.31022000000007,497.8437399999997],[218.26022000000006,499.98373999999967],[218.93022000000005,502.24373999999966],[219.09022000000004,505.0637399999996],[220.51022000000003,507.1737399999996],[220.60022000000004,508.32373999999965],[219.78022000000004,513.2037399999997],[216.55022000000005,522.6537399999996],[216.57022000000006,525.1737399999996],[219.43022000000008,526.5737399999996],[220.94022000000007,526.7637399999996],[223.12022000000007,526.4437399999997],[224.32022000000006,526.9037399999996],[225.35022000000006,528.0737399999996],[226.49022000000005,528.2537399999997],[227.73022000000006,528.9637399999997],[230.09022000000007,532.3037399999996],[231.2002200000001,534.5937399999997],[233.30022000000008,536.1337399999996],[242.50022000000007,539.5337399999996],[244.66022000000007,539.1137399999997],[245.77022000000008,538.2737399999996],[247.16022000000007,534.6237399999997],[248.20022000000006,533.6737399999997],[252.14022000000006,528.0037399999997],[254.31022000000004,526.1537399999997],[257.60022000000004,525.5037399999997],[259.80022,526.1137399999997],[261.04022000000003,527.1737399999997],[261.73022000000003,529.3437399999997],[261.79022000000003,532.9437399999997],[262.60022000000004,534.0037399999997],[264.92022000000003,535.9037399999997],[266.13022,536.4237399999997],[267.66022,536.5837399999997],[268.61021999999997,535.9937399999997]]]},"properties":{"id":"AO-UIG"}},
{"type":"Feature","geometry":{"type":"MultiPolygon","coordinates":[[[[32.820218,600.8037399999996],[32.820218000000004,600.8037399999996],[30.070218000000004,599.2237399999997],[29.930218000000004,597.8237399999996],[30.200218000000003,597.0337399999996],[30.900218000000002,597.5237399999996],[31.600218,597.2937399999996],[31.850218,597.6637399999996],[32.160218,599.0137399999996],[31.710217999999998,599.0537399999996],[31.090217999999997,599.2437399999997],[32.290217999999996,599.3437399999996],[32.820218,600.8037399999996]]],[[[114.39022,612.4037399999996],[114.39021999999999,612.4037399999995],[112.73021999999999,611.5137399999995],[109.94021999999998,611.6437399999995],[106.70021999999999,610.6737399999995],[94.06021799999999,610.7237399999996],[92.850218,610.4837399999996],[90.800218,610.9837399999996],[85.320218,610.9037399999995],[84.630218,610.6337399999995],[83.510218,609.4137399999995],[78.020218,611.1637399999995],[74.880218,610.6837399999995],[71.850218,609.4037399999995],[70.860218,609.7337399999996],[69.720218,610.7937399999995],[67.180218,610.7637399999995],[60.590218,607.1537399999995],[57.240218,605.9037399999995],[53.660218,605.6437399999995],[50.990218,604.0537399999995],[47.110217999999996,603.6637399999995],[43.230217999999994,601.8137399999996],[38.84021799999999,600.5837399999996],[39.330217999999995,598.8237399999996],[38.850218,599.0937399999996],[37.780218,599.4637399999996],[36.180217999999996,599.1537399999995],[36.490218,598.8137399999995],[36.450218,598.7637399999995],[34.960218,599.0937399999996],[33.810218,598.5637399999995],[32.500218,598.7337399999996],[32.390218,598.2037399999995],[33.480218,597.7937399999995],[33.260218,597.6537399999995],[32.290218,597.9137399999995],[31.720218000000003,596.9337399999995],[31.170218000000002,596.4737399999996],[30.580218000000002,596.5037399999995],[35.980218,588.6237399999995],[41.200218,577.4537399999996],[43.880218,573.4037399999995],[44.220218,571.8837399999995],[53.300218,561.9137399999995],[53.890218000000004,560.4337399999995],[56.140218000000004,557.8437399999996],[56.220218,557.4637399999996],[57.400218,555.6237399999995],[57.320218000000004,553.9137399999995],[58.420218000000006,549.8337399999996],[58.060218000000006,547.8037399999995],[58.430218,545.1537399999995],[58.740218000000006,544.3037399999995],[58.41021800000001,543.1637399999995],[58.560218000000006,541.9937399999995],[61.530218000000005,538.7737399999995],[62.610218,533.9137399999995],[63.380218000000006,532.5937399999996],[65.15021800000001,527.9237399999995],[66.18021800000001,526.8937399999995],[65.69021800000002,525.7137399999996],[66.78021800000002,524.4737399999996],[67.12021800000002,522.8037399999996],[68.68021800000002,519.7737399999995],[68.73021800000002,519.3537399999996],[69.09021800000002,517.2337399999996],[70.13021800000003,515.7137399999996],[74.60021800000003,516.5937399999996],[76.52021800000003,517.3937399999995],[78.27021800000003,519.0537399999996],[80.16021800000003,518.3237399999996],[81.23021800000002,519.9437399999996],[85.49021800000003,521.1237399999995],[86.50021800000003,520.7837399999996],[88.76021800000004,518.9137399999995],[91.08021800000003,518.9137399999995],[92.24021800000003,519.7937399999996],[94.89021800000003,520.1537399999995],[95.72021800000003,520.7037399999996],[96.67021800000003,520.6037399999996],[98.14021800000003,521.8737399999995],[99.64021800000003,522.2437399999997],[100.58022000000004,521.8337399999996],[101.74022000000004,521.9437399999996],[106.45022000000003,524.6737399999996],[107.50022000000003,527.7737399999996],[108.94022000000002,528.3637399999996],[111.08022000000003,528.5037399999997],[112.63022000000002,530.3537399999996],[113.12022000000002,530.2737399999996],[113.57022000000002,531.1537399999995],[112.93022000000002,532.2537399999995],[110.83022000000003,533.6137399999996],[110.28022000000003,534.7137399999996],[110.28022000000003,535.7937399999996],[108.32022000000003,537.7537399999997],[108.25022000000004,538.9737399999996],[109.06022000000004,541.1937399999996],[112.02022000000004,544.5537399999996],[112.19022000000004,545.7437399999997],[110.04022000000003,547.1537399999996],[108.07022000000003,549.2137399999996],[106.93022000000003,553.8537399999996],[105.39022000000003,556.3037399999996],[105.99022000000002,556.8237399999996],[107.77022000000002,557.0737399999996],[110.04022000000002,557.0037399999997],[110.48022000000002,556.7137399999996],[112.12022000000002,556.9737399999996],[116.51022000000002,560.7437399999995],[122.41022000000002,562.2937399999996],[124.87022000000002,563.8837399999995],[126.96022000000002,564.4337399999996],[127.94022000000002,566.9037399999996],[128.83022000000003,568.0437399999996],[128.99022000000002,569.1137399999996],[131.87022000000002,570.9937399999995],[132.92022000000003,571.2837399999996],[136.45022000000003,570.9037399999996],[139.76022000000003,572.3737399999995],[141.81022000000004,574.9637399999996],[145.25022000000004,574.8237399999996],[148.67022000000003,575.4837399999996],[153.49022000000002,577.4437399999996],[159.05022000000002,586.2437399999995],[161.01022000000003,587.7537399999995],[163.65022000000002,591.4137399999996],[159.86022000000003,593.9737399999996],[159.01022000000003,595.0537399999996],[158.97022000000004,598.9237399999996],[158.34022000000004,601.2137399999996],[157.12022000000005,603.4737399999996],[153.09022000000004,608.8937399999996],[152.64022000000006,610.4437399999996],[149.53022000000004,610.4537399999996],[144.41022000000004,609.0137399999996],[140.17022000000003,609.9937399999997],[137.68022000000002,609.4637399999996],[133.11022000000003,609.7137399999996],[129.62022000000002,610.3937399999996],[126.48022000000002,610.0537399999996],[123.80022000000001,611.4137399999996],[123.15022,611.0637399999996],[118.96022,611.1937399999996],[116.95022,610.3037399999996],[114.39022,612.4037399999996]]]]},"properties":{"id":"AO-ZAI"}}
]}